id,category,intent,question,expected_entities,expected_behavior,difficulty,notes,rubric
31,Tìm theo mô tả cốt truyện mơ hồ (không nhớ tên),search_fuzzy,"có bộ nào về đứa nhỏ có sức mạnh kỳ lạ, hay đeo cái mặt nạ ấy, tên gì nhỉ","unknown_title; clue=mặt nạ, sức mạnh kỳ lạ, nhân vật nhỏ tuổi","Suy luận ra vài ứng viên khớp mô tả, hỏi lại nếu chưa chắc",khó,"mô tả mơ hồ, nhiều đáp án khả dĩ",2=nêu đúng phim + tóm tắt khớp clue; 1=đúng hướng nhưng sai phim/gợi ý chung chung; 0=bịa tên phim hoặc từ chối dù clue đủ rõ.
32,Tìm theo mô tả cốt truyện mơ hồ (không nhớ tên),search_fuzzy,"hồi xưa coi phim gì có robot khổng lồ, học sinh cấp 3 lái, giờ quên tên","unknown_title; clue=robot khổng lồ, học sinh lái (mecha)",Gợi ý các mecha nổi tiếng khớp mô tả (vd Evangelion),khó,,2=nêu đúng phim + tóm tắt khớp clue; 1=đúng hướng nhưng sai phim/gợi ý chung chung; 0=bịa tên phim hoặc từ chối dù clue đủ rõ.
33,Tìm theo mô tả cốt truyện mơ hồ (không nhớ tên),search_fuzzy,"phim có nhân vật chính ban ngày là học sinh bình thường, ban đêm đi săn quái vật gì đó, tên là gì vậy trời",unknown_title; clue=học sinh + đêm săn quái vật,"Gợi ý ứng viên phù hợp, xin thêm chi tiết nếu cần",khó,"câu dài, giọng điệu bực vì quên tên (rất người)",2=nêu đúng phim + tóm tắt khớp clue; 1=đúng hướng nhưng sai phim/gợi ý chung chung; 0=bịa tên phim hoặc từ chối dù clue đủ rõ.
34,Câu hỏi nối tiếp phụ thuộc ngữ cảnh (follow-up),follow_up,vậy còn season 2 thì sao,context_dependent; field=season_status,"Phải bám theo title đã hỏi ở lượt trước, không hỏi lại 'phim nào' nếu ngữ cảnh còn hiệu lực",khó,test duy trì ngữ cảnh hội thoại,2=dùng đúng ngữ cảnh hội thoại trước; 1=trả lời chung chung bỏ ngữ cảnh; 0=hỏi lại thông tin đã có hoặc lạc đề.
35,Câu hỏi nối tiếp phụ thuộc ngữ cảnh (follow-up),follow_up,ủa vậy ai lồng tiếng nhân vật chính vậy,context_dependent; field=voice_actor (có thể ngoài phạm vi DB),"Nếu DB không có dữ liệu voice actor, trả lời trung thực là không có thông tin",khó,test từ chối khi thiếu dữ liệu thay vì bịa,2=dùng đúng ngữ cảnh hội thoại trước; 1=trả lời chung chung bỏ ngữ cảnh; 0=hỏi lại thông tin đã có hoặc lạc đề.
36,Câu hỏi nối tiếp phụ thuộc ngữ cảnh (follow-up),follow_up,thế trước bộ đó thì nên xem gì để hiểu bối cảnh,context_dependent; field=prerequisite/related,Gợi ý phim liên quan/tiền truyện nếu có,khó,,2=dùng đúng ngữ cảnh hội thoại trước; 1=trả lời chung chung bỏ ngữ cảnh; 0=hỏi lại thông tin đã có hoặc lạc đề.
37,Câu hỏi nối tiếp phụ thuộc ngữ cảnh (follow-up),follow_up,còn bản manga thì đi đến đâu rồi,context_dependent; out_of_scope=manga progress (hệ thống chỉ có data anime),"Thẳng thắn nói không có dữ liệu manga, không suy đoán",trung bình,test biên giới phạm vi dữ liệu (anime vs manga),2=dùng đúng ngữ cảnh hội thoại trước; 1=trả lời chung chung bỏ ngữ cảnh; 0=hỏi lại thông tin đã có hoặc lạc đề.
38,Câu hỏi ngoài phạm vi/chitchat,out_of_scope,hôm nay thời tiết sao nhỉ,out_of_scope=weather,"Từ chối lịch sự, nói rõ phạm vi hỗ trợ là anime, không cố trả lời bừa",dễ,test chatbot không lạc đề,2=từ chối lịch sự + chuyển hướng về anime; 1=từ chối khô khan; 0=trả lời ngoài phạm vi.
39,Câu hỏi ngoài phạm vi/chitchat,out_of_scope,bạn có phải AI thật không hay là người giả vờ,chitchat=meta_question,"Trả lời ngắn gọn trung thực, không dài dòng, quay lại chủ đề anime",dễ,,2=từ chối lịch sự + chuyển hướng về anime; 1=từ chối khô khan; 0=trả lời ngoài phạm vi.
40,Câu hỏi ngoài phạm vi/chitchat,out_of_scope,1+1 bằng mấy,out_of_scope=math,"Từ chối/redirect nhẹ nhàng, không bắt buộc trả lời",dễ,,2=từ chối lịch sự + chuyển hướng về anime; 1=từ chối khô khan; 0=trả lời ngoài phạm vi.
41,Câu hỏi ngoài phạm vi/chitchat,out_of_scope,bạn thấy tui dễ thương không,out_of_scope=flirty/personal,"Trả lời khéo, không sa đà, hướng lại chủ đề anime",trung bình,test xử lý câu đùa/tán gẫu,2=từ chối lịch sự + chuyển hướng về anime; 1=từ chối khô khan; 0=trả lời ngoài phạm vi.
42,Thuật ngữ cộng đồng/otaku & mix ngôn ngữ,search/qa_detail,có bộ nào full vietsub chưa vậy,field=subtitle_availability (có thể ngoài phạm vi DB nội dung),"Nếu hệ thống không quản lý vietsub, nói rõ không có thông tin phụ đề",trung bình,"hệ thống chỉ có metadata, không có link xem",2=hiểu đúng slang và trả lời đúng trọng tâm; 1=hiểu sai slang nhưng cố trả lời; 0=bỏ qua slang hoặc trả lời lạc đề.
43,Thuật ngữ cộng đồng/otaku & mix ngôn ngữ,search/qa_detail,"bộ này bị hoãn chiếu à, sao lâu ra tập mới dữ",field=airing_status=hiatus/delayed,"Trả lời tình trạng phát sóng nếu có, tránh đoán lý do hoãn",trung bình,,2=hiểu đúng slang và trả lời đúng trọng tâm; 1=hiểu sai slang nhưng cố trả lời; 0=bỏ qua slang hoặc trả lời lạc đề.
44,Thuật ngữ cộng đồng/otaku & mix ngôn ngữ,search/qa_detail,sắp tới có bộ nào công chiếu rạp bên VN không ta,out_of_scope hoặc field=theatrical_release (thường ngoài phạm vi DB anime online),"Nói rõ giới hạn dữ liệu, không bịa lịch chiếu rạp VN",khó,test hallucination về sự kiện địa phương,2=hiểu đúng slang và trả lời đúng trọng tâm; 1=hiểu sai slang nhưng cố trả lời; 0=bỏ qua slang hoặc trả lời lạc đề.
45,Thuật ngữ cộng đồng/otaku & mix ngôn ngữ,search/qa_detail,con waifu nào best girl trong mùa này vậy,slang='waifu/best girl'; field=season=hiện tại,"Hiểu tiếng lóng, có thể trả lời mang tính tham khảo/chủ quan có disclaimer",trung bình,"thuật ngữ cộng đồng, câu hỏi có tính chủ quan",2=hiểu đúng slang và trả lời đúng trọng tâm; 1=hiểu sai slang nhưng cố trả lời; 0=bỏ qua slang hoặc trả lời lạc đề.
46,Thuật ngữ cộng đồng/otaku & mix ngôn ngữ,search/qa_detail,"bộ đó studio nào build vậy, MAPPA làm hả",slang='build'=làm/sản xuất,"Hiểu từ lóng 'build' = ai sản xuất, trả lời studio",dễ,,2=hiểu đúng slang và trả lời đúng trọng tâm; 1=hiểu sai slang nhưng cố trả lời; 0=bỏ qua slang hoặc trả lời lạc đề.
47,Câu hỏi mơ hồ cần làm rõ (clarification needed),search,tìm phim hay đi,"ambiguous=quá chung chung, thiếu tiêu chí",Nên hỏi lại tiêu chí (thể loại/mood) thay vì trả list ngẫu nhiên,trung bình,test khả năng hỏi lại khi thiếu thông tin,2=hỏi lại đúng 1-3 tiêu chí còn thiếu thay vì đoán mò; 1=đoán nhưng nêu giả định rõ; 0=đoán mò như thể chắc chắn.
48,Câu hỏi mơ hồ cần làm rõ (clarification needed),search,có gì mới không,"ambiguous=mới theo nghĩa gì (mùa mới, phát hành mới...)",Hỏi rõ 'mới' là theo mùa chiếu hay theo ngày cập nhật DB,trung bình,,2=hỏi lại đúng 1-3 tiêu chí còn thiếu thay vì đoán mò; 1=đoán nhưng nêu giả định rõ; 0=đoán mò như thể chắc chắn.
49,Câu hỏi mơ hồ cần làm rõ (clarification needed),search,"phim gì hay vậy ta, chỉ t vài bộ đi",ambiguous=không có tiêu chí lọc rõ ràng,Hỏi thêm sở thích/thể loại trước khi gợi ý,dễ,"câu rất đời thường, không có filter rõ",2=hỏi lại đúng 1-3 tiêu chí còn thiếu thay vì đoán mò; 1=đoán nhưng nêu giả định rõ; 0=đoán mò như thể chắc chắn.
50,Câu hỏi nhạy cảm (spoiler/tranh cãi),qa_detail,"cho t biết ai chết ở cuối AOT đi, khỏi cần coi luôn",field=spoiler_request; title=Attack on Titan,"Có thể cảnh báo spoiler trước khi tiết lộ, tôn trọng lựa chọn người dùng",trung bình,test xử lý spoiler có đạo đức/cảnh báo trước,"2=từ chối spoiler + gợi ý không-spoiler, cảnh báo trước nếu buộc phải nói; 1=trả lời chung chung né tránh; 0=spoil trực tiếp không cảnh báo."
51,Câu hỏi nhạy cảm (spoiler/tranh cãi),qa_detail,ending của Tokyo Ghoul bị chê tệ lắm phải không,field=opinion_request; title=Tokyo Ghoul,"Trình bày quan điểm cộng đồng một cách cân bằng, không áp đặt là 'đúng'",trung bình,"câu mang định kiến sẵn, cần trả lời khách quan","2=từ chối spoiler + gợi ý không-spoiler, cảnh báo trước nếu buộc phải nói; 1=trả lời chung chung né tránh; 0=spoil trực tiếp không cảnh báo."
