id,question,reference,reference_contexts,category,intent,expected_entities,expected_behavior,difficulty,needs_review
1,aot có mùa mới chưa v mọi người,"Canonical title: Shingeki no Kyojin (2013, score 8.58)","[""Title: Shingeki no Kyojin\nJapanese title: 進撃の巨人\nYear: 2013 | Season: spring | Episodes: 25 | Status: Finished Airing | Source: Manga | Studios: Wit Studio | Genres: Action, Award Winning, Drama, Suspense | Score: 8.58/10\nSynopsis: Centuries ago, mankind was slaughtered to near extinction by monstrous humanoid creatures called Titans, forcing humans to hide in fear behind enormous concentric walls. What makes these giants truly terrifying is that their taste for human flesh is not born out of hunger but what appears to be out of pleasure. To ensure their survival, the remnants of humanity began living within defensive barriers, resulting in one hundred years without a single titan encounter. However, that fragile calm is soon shattered when a colossal Titan manages to breach the supposedly impregnable outer wall, reigniting the fight for survival against the man-eating abominations.\n\nAfter witnessing a horrific personal loss at the hands of the invading creatures, Eren Yeager dedicates his life to their eradication by enlisting into the Survey Corps, an elite military unit that combats the merciless humanoids outside the protection of the walls. Eren, his adopted sister Mikasa Ackerman, and his childhood friend Armin Arlert join the brutal war against the Titans and race to discover a way of defeating them before the last walls are breached.\n\n[Written by MAL Rewrite]""]","Tìm theo tên (title search, có lỗi chính tả/viết tắt)",search,title=Attack on Titan/AOT,"Nhận diện viết tắt 'aot', trả lời tình trạng phát sóng mùa mới nhất",dễ,False
2,cho hỏi jjk chiếu đến tập mấy rồi ạ,"Canonical title: Jujutsu Kaisen (2020, score 8.49)","[""Title: Jujutsu Kaisen\nJapanese title: 呪術廻戦\nYear: 2020 | Season: fall | Episodes: 24 | Status: Finished Airing | Source: Manga | Studios: MAPPA | Genres: Action, Award Winning, Supernatural | Score: 8.49/10\nSynopsis: Idly indulging in baseless paranormal activities with the Occult Club, high schooler Yuuji Itadori spends his days at either the clubroom or the hospital, where he visits his bedridden grandfather. However, this leisurely lifestyle soon takes a turn for the strange when he unknowingly encounters a cursed item. Triggering a chain of supernatural occurrences, Yuuji finds himself suddenly thrust into the world of Curses—dreadful beings formed from human malice and negativity—after swallowing the said item, revealed to be a finger belonging to the demon Sukuna Ryoumen, the King of Curses.\n\nYuuji experiences first-hand the threat these Curses pose to society as he discovers his own newfound powers. Introduced to the Tokyo Prefectural Jujutsu High School, he begins to walk down a path from which he cannot return—the path of a Jujutsu sorcerer.\n\n[Written by MAL Rewrite]""]","Tìm theo tên (title search, có lỗi chính tả/viết tắt)",search,title=Jujutsu Kaisen/jjk,"Nhận diện viết tắt jjk, trả số tập/trạng thái hiện tại",dễ,False
3,tìm giúp t bộ oregairu đi,"Canonical title: Yahari Ore no Seishun Love Comedy wa Machigatteiru. (2013, score 8)","[""Title: Yahari Ore no Seishun Love Comedy wa Machigatteiru.\nJapanese title: やはり俺の青春ラブコメはまちがっている。\nYear: 2013 | Season: spring | Episodes: 13 | Status: Finished Airing | Source: Light novel | Studios: Brain's Base | Genres: Comedy, Romance | Score: 8/10\nSynopsis: Hachiman Hikigaya is an apathetic high school student with narcissistic and semi-nihilistic tendencies. He firmly believes that joyful youth is nothing but a farce, and everyone who says otherwise is just lying to themselves. \n\nIn a novel punishment for writing an essay mocking modern social relationships, Hachiman's teacher forces him to join the Volunteer Service Club, a club that aims to extend a helping hand to any student who seeks their support in achieving their goals. With the only other club member being the beautiful ice queen Yukino Yukinoshita, Hachiman finds himself on the front line of other people's problems—a place he never dreamed he would be. As Hachiman and Yukino use their wits to solve many students' problems, will Hachiman's rotten view of society prove to be a hindrance or a tool he can use to his advantage?\n\n[Written by MAL Rewrite]""]","Tìm theo tên (title search, có lỗi chính tả/viết tắt)",search,title=Oregairu (tên rút gọn của Yahari Ore no Seishun Love Come wa Machigatteiru),Map tên rút gọn sang tên đầy đủ trong DB rồi trả kết quả,trung bình,False
4,one piece ra bao nhiêu tập rồi ta,"Canonical title: One Piece (1999, score 8.72)","[""Title: One Piece\nJapanese title: ONE PIECE\nYear: 1999 | Season: fall | Status: Currently Airing | Source: Manga | Studios: Toei Animation | Genres: Action, Adventure, Fantasy | Score: 8.72/10\nSynopsis: Barely surviving in a barrel after passing through a terrible whirlpool at sea, carefree Monkey D. Luffy ends up aboard a ship under attack by fearsome pirates. Despite being a naive-looking teenager, he is not to be underestimated. Unmatched in battle, Luffy is a pirate himself who resolutely pursues the coveted One Piece treasure and the King of the Pirates title that comes with it.\n\nThe late King of the Pirates, Gol D. Roger, stirred up the world before his death by disclosing the whereabouts of his hoard of riches and daring everyone to obtain it. Ever since then, countless powerful pirates have sailed dangerous seas for the prized One Piece only to never return. Although Luffy lacks a crew and a proper ship, he is endowed with a superhuman ability and an unbreakable spirit that make him not only a formidable adversary but also an inspiration to many.\n\nAs he faces numerous challenges with a big smile on his face, Luffy gathers one-of-a-kind companions to join him in his ambitious endeavor, together embracing perils and wonders on their once-in-a-lifetime adventure.\n\n[Written by MAL Rewrite]""]","Tìm theo tên (title search, có lỗi chính tả/viết tắt)",search,title=One Piece,"Trả số tập hiện tại, không bịa số nếu DB không có dữ liệu mới nhất",dễ,False
5,conan có bản mới nhất chưa nhỉ,"Canonical title: Meitantei Conan (1996, score 8.18)","[""Title: Meitantei Conan\nJapanese title: 名探偵コナン\nYear: 1996 | Season: winter | Status: Currently Airing | Source: Manga | Studios: TMS Entertainment | Genres: Adventure, Comedy, Mystery | Score: 8.18/10\nSynopsis: Shinichi Kudou, a high school student of astounding talent in detective work, is well known for having solved several challenging cases. One day, when Shinichi spots two suspicious men and decides to follow them, he inadvertently becomes witness to a disturbing illegal activity. Unfortunately, he is caught in the act, so the men dose him with an experimental drug formulated by their criminal organization, leaving him to his death. However, to his own astonishment, Shinichi lives to see another day, but now in the body of a seven-year-old child.\n\nPerfectly preserving his original intelligence, he hides his real identity from everyone, including his childhood friend Ran Mouri and her father, private detective Kogorou Mouri. To this end, he takes on the alias of Conan Edogawa, inspired by the mystery writers Arthur Conan Doyle and Ranpo Edogawa.\n\nShinichi, as Conan, starts secretly solving the senior Mouri's cases from behind the scenes with his still exceptional sleuthing skills, while covertly investigating the organization responsible for his current state, hoping to reverse the drug's effects someday.\n\n[Written by MAL Rewrite]""]","Tìm theo tên (title search, có lỗi chính tả/viết tắt)",search,title=Detective Conan,"Kiểm tra tập/season mới nhất, trả lời có/chưa kèm ngày",dễ,False
6,"bộ đó tên kiểu shingeki gì á, có ai biết tên đầy đủ ko","Canonical title: Shingeki no Kyojin (2013, score 8.58)","[""Title: Shingeki no Kyojin\nJapanese title: 進撃の巨人\nYear: 2013 | Season: spring | Episodes: 25 | Status: Finished Airing | Source: Manga | Studios: Wit Studio | Genres: Action, Award Winning, Drama, Suspense | Score: 8.58/10\nSynopsis: Centuries ago, mankind was slaughtered to near extinction by monstrous humanoid creatures called Titans, forcing humans to hide in fear behind enormous concentric walls. What makes these giants truly terrifying is that their taste for human flesh is not born out of hunger but what appears to be out of pleasure. To ensure their survival, the remnants of humanity began living within defensive barriers, resulting in one hundred years without a single titan encounter. However, that fragile calm is soon shattered when a colossal Titan manages to breach the supposedly impregnable outer wall, reigniting the fight for survival against the man-eating abominations.\n\nAfter witnessing a horrific personal loss at the hands of the invading creatures, Eren Yeager dedicates his life to their eradication by enlisting into the Survey Corps, an elite military unit that combats the merciless humanoids outside the protection of the walls. Eren, his adopted sister Mikasa Ackerman, and his childhood friend Armin Arlert join the brutal war against the Titans and race to discover a way of defeating them before the last walls are breached.\n\n[Written by MAL Rewrite]""]","Tìm theo tên (title search, có lỗi chính tả/viết tắt)",search,title~Shingeki no Kyojin,Suy luận từ 1 phần tên romaji ra full title,trung bình,False
7,có phim ecchi nào hay không mọi người,"Top ecchi picks from DB by score: Mushoku Tensei: Isekai Ittara Honki Dasu Part 2, Mushoku Tensei: Isekai Ittara Honki Dasu, Nisemonogatari","[""Title: Mushoku Tensei: Isekai Ittara Honki Dasu Part 2\nJapanese title: 無職転生 ～異世界行ったら本気だす～ 第2クール\nYear: 2021 | Season: fall | Episodes: 12 | Status: Finished Airing | Source: Light novel | Studios: Studio Bind | Genres: Adventure, Drama, Fantasy, Ecchi | Score: 8.59/10\nSynopsis: After the mysterious mana calamity, Rudeus Greyrat and his fierce student Eris Boreas Greyrat are teleported to the Demon Continent. There, they team up with their newfound companion Ruijerd Supardia—the former leader of the Superd's Warrior group—to form \""Dead End,\"" a successful adventurer party. Making a name for themselves, the trio journeys across the continent to make their way back home to Fittoa.\n\nFollowing the advice he received from the faceless god Hitogami, Rudeus saves Kishirika Kishirisu, the Great Emperor of the Demon World, who rewards him by granting him a strange power. Now, as Rudeus masters the powerful ability that offers a number of new opportunities, it might prove to be more than what he bargained for when unexpected dangers threaten to hinder their travels.\n\n[Written by MAL Rewrite]"", ""Title: Mushoku Tensei: Isekai Ittara Honki Dasu\nJapanese title: 無職転生 ～異世界行ったら本気だす～\nYear: 2021 | Season: winter | Episodes: 11 | Status: Finished Airing | Source: Light novel | Studios: Studio Bind | Genres: Adventure, Drama, Fantasy, Ecchi | Score: 8.31/10\nSynopsis: Despite being bullied, scorned, and oppressed all of his life, a 34-year-old shut-in still found the resolve to attempt something heroic—only for it to end in a tragic accident. But in a twist of fate, he awakens in another world as Rudeus Greyrat, starting life again as a baby born to two loving parents.\n\nPreserving his memories and knowledge from his previous life, Rudeus quickly adapts to his new environment. With the mind of a grown adult, he starts to display magical talent that exceeds all expectations, honing his skill with the help of a mage named Roxy Migurdia. Rudeus learns swordplay from his father, Paul, and meets Sylphiette, a girl his age who quickly becomes his closest friend.\n\nAs Rudeus' second chance at life begins, he tries to make the most of his new opportunity while conquering his traumatic past. And perhaps, one day, he may find the one thing he could not find in his old world—love.\n\n[Written by MAL Rewrite]"", ""Title: Nisemonogatari\nJapanese title: 偽物語\nYear: 2012 | Season: winter | Episodes: 11 | Status: Finished Airing | Source: Light novel | Studios: Shaft | Genres: Comedy, Mystery, Supernatural, Ecchi | Score: 8.12/10\nSynopsis: Koyomi Araragi has recently survived a vampire attack and met several girls plagued by supernatural entities. On top of all this, he wakes up one morning to find himself kidnapped and tied up by his girlfriend Hitagi Senjougahara. Araragi's sister Karen has run afoul of Deishuu Kaiki, a swindler who once conned Senjougahara's family. As a result, Senjougahara has imprisoned Araragi to keep him safe from the devious Kaiki. But when Araragi receives a frantic message from Karen, he sets out to rescue her.\n\nAlong with Karen's troubles, Tsukihi, Araragi's other sister, faces issues of her own. And when two mysterious women step into their lives, not even Araragi can anticipate their true goals, nor the catastrophic truths about his family soon to be revealed.\n\n[Written by MAL Rewrite]""]",Tìm theo thể loại/tag,search,genre=ecchi,"Trả list anime genre ecchi, lọc phù hợp",dễ,False
8,gợi ý vài bộ isekai mà nhân vật chính đừng có ngáo quyền lực quá,"Top isekai picks from DB by score: Re:Zero kara Hajimeru Isekai Seikatsu 4th Season, Guimi Zhi Zhu Specials, Mushoku Tensei III: Isekai Ittara Honki Dasu","[""Title: Re:Zero kara Hajimeru Isekai Seikatsu 4th Season\nJapanese title: Re:ゼロから始める異世界生活 4th season\nYear: 2026 | Season: spring | Episodes: 19 | Status: Currently Airing | Source: Light novel | Studios: White Fox | Genres: Drama, Fantasy, Suspense | Score: 9.11/10\nSynopsis: In the deadly battle at the Watergate City of Priestella, Subaru and his allies barely emerged victorious—but their triumph came at a great cost. Through the \""Authority of Gluttony,\"" Rem was put into suspended animation, while Crusch's memories and even Julius’s name were devoured. As he searches for a way to save them, Subaru learns of the \""Sage\"" Shaula—an all-seeing being said to possess every form of knowledge. His next destination is the Pleiades Watchtower, home to the Sage, the farthest tower standing in the vast, uncharted desert known as the Auguria Dunes—a place so perilous that even the mightiest \""Sword Saint,\"" Reinhard, failed to conquer it. The fury of nature, unknown magical beasts, and unimaginable dangers lie ahead. Together with his friends, Subaru embarks on a life-risking journey to reclaim what was lost.\n\n(Source: Kadokawa, edited)"", ""Title: Guimi Zhi Zhu Specials\nJapanese title: 诡秘之主特别篇\nYear: 2026 | Season: spring | Episodes: 3 | Status: Finished Airing | Source: Web novel | Studios: B.CMAY PICTURES | Genres: Action, Fantasy, Mystery, Suspense | Score: 8.7/10\nSynopsis: City of Silver (Episode 1): Above the undying gray fog, Klein Moretti, the enigmatic The Fool, presided over the Tarot Club when a new, distant prayer echoed through the mists. Reaching across the veil, he summoned Derrick Berg from the City of Silver—a cursed bastion trapped within the Forsaken Land of God. Through Derrick’s haunting tales, the grim history of this sunless city was unveiled. Seeking salvation for his people, Derrick pledged his soul to The Fool’s grace. From the twenty-two Major Arcana, he chose his mantle: \""The Sun.\""\n\nThe Marked Hunt (Episodes 2 and 3): The gathering then turned to matters of blood and ambition. \""The Hanged Man,\"" Alger Wilson, proposed a high-stakes exchange. He sought the head of Qilangos, one of the infamous seven Pirate Admirals, and tasked \""Justice,\"" Audrey Hall, with leveraging her noble influence in Backlund to hunt the wind-blessed killer.\n\nIn the foggy streets of the Loen capital, Audrey’s quest led her to the Beyonder duo, Fors Wall and Xio Derecha. As the web tightened around the Admiral, Klein sought the intervention of his mentor, the mysterious Mr. Azik. By weaving together the threads of divinity, ancient power, and mortal cunning, The Fool ensured the Tarot Club’s first great triumph: the fall of Qilangos.\n\n(Source: Crunchyroll)"", ""Title: Mushoku Tensei III: Isekai Ittara Honki Dasu\nJapanese title: 無職転生 III ～異世界行ったら本気だす～\nYear: 2026 | Season: summer | Episodes: 14 | Status: Currently Airing | Source: Light novel | Studios: Studio Bind | Genres: Adventure, Drama, Fantasy | Score: 8.66/10\nSynopsis: Third season of Mushoku Tensei: Isekai Ittara Honki Dasu.""]",Tìm theo thể loại/tag,search,genre=isekai; ràng buộc mờ='không overpowered',"Nhận diện tiêu chí phụ khó lọc bằng filter cứng, có thể trả lời kèm giải thích",khó,False
9,phim ma cà rồng nào đáng cày,"Top vampire picks from DB by score: Owarimonogatari 2nd Season, Kizumonogatari III: Reiketsu-hen, Monogatari Series: Second Season","[""Title: Owarimonogatari 2nd Season\nJapanese title: 終物語\nYear: 2017 | Season: summer | Episodes: 7 | Status: Finished Airing | Source: Light novel | Studios: Shaft | Genres: Comedy, Mystery, Supernatural | Score: 8.86/10\nSynopsis: Following an encounter with oddity specialist Izuko Gaen, third-year high school student Koyomi Araragi wakes up in a strange, deserted void only to be greeted by a joyfully familiar face in an alarmingly unfamiliar place.  \n\nAraragi, with the help of his girlfriend Hitagi Senjougahara, maneuvers through the webs of his past and the perplexities of the present in search of answers. However, fate once again delivers him to the eccentric transfer student Ougi Oshino, who brings forth an unexpected proposal that may unearth the very foundation to which he is anchored. As Araragi peels back the layers of mystery surrounding an apparition, he discovers a truth not meant to be revealed.\n\n[Written by MAL Rewrite]"", ""Title: Kizumonogatari III: Reiketsu-hen\nJapanese title: 傷物語〈Ⅲ冷血篇〉\nYear: 2017 | Season: winter | Episodes: 1 | Status: Finished Airing | Source: Light novel | Studios: Shaft | Genres: Action, Mystery, Supernatural | Score: 8.78/10\nSynopsis: After helping revive the legendary vampire Kiss-shot Acerola-orion Heart-under-blade, Koyomi Araragi has become a vampire himself and her servant. Kiss-shot is certain she can turn him back into a human, but only once regaining her full power. \n\nAraragi has hunted down the three vampire hunters that defeated Kiss-shot and retrieved her limbs to return her to full strength. However, now that Araragi has almost accomplished what he’s been fighting for this whole time, he has to consider if this is what he really wants. Once he revives this powerful immortal vampire, there is no telling what she might do, and there would be no way of stopping her.\n\nBut there is more to the story that Araragi doesn’t understand. If a newborn vampire like him could defeat the hunters, how did they overpower Kiss-shot? Can he trust her to turn him back to a human? And how is that even possible in the first place?\n\nAraragi is at his limit but he must come to a decision, and it may not be possible to resolve this situation without doing something he’ll regret…\n\n[Written by MAL Rewrite]"", ""Title: Monogatari Series: Second Season\nJapanese title: 〈物語〉シリーズ セカンドシーズン\nYear: 2013 | Season: summer | Episodes: 26 | Status: Finished Airing | Source: Light novel | Studios: Shaft | Genres: Comedy, Mystery, Romance, Supernatural | Score: 8.76/10\nSynopsis: Apparitions, oddities, and gods continue to manifest around Koyomi Araragi and his close-knit group of friends: Tsubasa Hanekawa, the group's modest genius; Shinobu Oshino, the resident doughnut-loving vampire; athletic deviant Suruga Kanbaru; bite-happy spirit Mayoi Hachikuji; Koyomi's cute admirer Nadeko Sengoku; and Hitagi Senjougahara, Koyomi's eclectic girlfriend.\n\nA new semester has begun and with graduation looming over Koyomi, he must quickly decide the paths he will walk, as well as the relationships he will form and friends that he will save. But as strange events begin to unfold, Koyomi is nowhere to be found, and a vicious tiger apparition has appeared in his absence. Hanekawa has become its target, and she quickly finds she must fend for herself.\n\n[Written by MAL Rewrite]""]",Tìm theo thể loại/tag,search,genre/theme=vampire,Trả danh sách anime có tag vampire,dễ,False
10,muốn tìm bộ slice of life coi cho nhẹ đầu,"Top slice of life picks from DB by score: Mushishi Zoku Shou 2nd Season, Mushishi Zoku Shou, Mushishi","[""Title: Mushishi Zoku Shou 2nd Season\nJapanese title: 蟲師 続章\nYear: 2014 | Season: fall | Episodes: 10 | Status: Finished Airing | Source: Manga | Studios: Artland | Genres: Adventure, Mystery, Slice of Life, Supernatural | Score: 8.72/10\nSynopsis: Ghostly, primordial beings known as Mushi continue to cause mysterious changes in the lives of humans. The travelling Mushishi, Ginko, persists in trying to set right the strange and unsettling situations he encounters. Time loops, living shadows, and telepathy are among the overt effects of interference from Mushi, but more subtle symptoms that take years to be noticed also rouse Ginko's concern as he passes from village to village.\n\nThrough circumstance, Ginko has become an arbiter, determining which Mushi are blessings and which are curses. But the lines that he seeks to draw are subjective. Some of his patients would rather exercise their new powers until they are utterly consumed by them; others desperately strive to rid themselves of afflictions which are in fact protecting their lives from devastation. Those who cross paths with Mushi must learn to accept seemingly impossible consequences for their actions, and heal wounds they did not know they had. Otherwise, they risk meeting with fates beyond their comprehension.\n\n[Written by MAL Rewrite]"", ""Title: Mushishi Zoku Shou\nJapanese title: 蟲師 続章\nYear: 2014 | Season: spring | Episodes: 10 | Status: Finished Airing | Source: Manga | Studios: Artland | Genres: Adventure, Mystery, Slice of Life, Supernatural | Score: 8.68/10\nSynopsis: Perceived as strange and feared by man, over time the misshapen ones came to be known as Mushi. Although they harbor no ill intentions towards humans, many suffer from the side effects of their existence and strange nature; exploiting the Mushi without understanding them, even unintentionally, can lead to disaster and strife for any involved. Mushishi Zoku Shou continues the story of Mushishi Ginko on his journey to help the visible world to coexist with the Mushi.\n\nDuring his travels, Ginko discovers various gifted individuals—those cursed by circumstance and those maintaining a fragile symbiosis with the Mushi—inevitably confronting the question of whether humanity, talented and tortured alike, can manage the responsibility of the unseen. Moreover, as a Mushishi, Ginko must learn more about these strange beings and decide if he has the right to interfere with the complex relationships between Mushi and mankind.\n\n[Written by MAL Rewrite]"", ""Title: Mushishi\nJapanese title: 蟲師\nYear: 2005 | Season: fall | Episodes: 26 | Status: Finished Airing | Source: Manga | Studios: Artland | Genres: Adventure, Mystery, Slice of Life, Supernatural | Score: 8.65/10\nSynopsis: Mushi: the most basic forms of life in the world. They exist without any goals or purposes aside from simply \""being.\"" They are beyond the shackles of the words \""good\"" and \""evil.\"" Mushi can exist in countless forms and are capable of mimicking things from the natural world such as plants, diseases, and even phenomena like rainbows.\n\nThis is, however, just a vague definition of these entities that inhabit the vibrant world of Mushishi, as to even call them a form of life would be an oversimplification. Detailed information on Mushi is scarce because the majority of humans are unaware of their existence.\n\nSo what are Mushi and why do they exist? This is the question that a Mushishi, Ginko, ponders constantly. Mushishi are those who research Mushi in hopes of understanding their place in the world's hierarchy of life.\n\nGinko chases rumors of occurrences that could be tied to Mushi, all for the sake of finding an answer.\n\nIt could, after all, lead to the meaning of life itself.\n\n[Written by MAL Rewrite]""]",Tìm theo thể loại/tag,search,genre=slice of life; mood=nhẹ nhàng,Kết hợp genre + mood để lọc,trung bình,False
11,anime nào có yếu tố thể thao học đường vậy,"Top sports picks from DB by score: Ashita no Joe 2, Hajime no Ippo, Haikyuu!! Karasuno Koukou vs. Shiratorizawa Gakuen Koukou","[""Title: Ashita no Joe 2\nJapanese title: あしたのジョー２\nYear: 1980 | Season: fall | Episodes: 47 | Status: Finished Airing | Source: Manga | Studios: Tokyo Movie Shinsha | Genres: Drama, Sports | Score: 8.82/10\nSynopsis: Yabuki Joe is left downhearted and hopeless after a certain tragic event. In attempt to put the past behind him, Joe leaves the gym behind and begins wandering. On his travels he comes across the likes of Wolf Kanagushi and Goromaki Gondo, men who unintentionally fan the dying embers inside him, leading him to putting his wanderings to an end. His return home puts Joe back on the path to boxing, but unknown to himself and his trainer, he now suffers deep-set issues holding him back from fighting. In attempt to quell those issues, Carlos Rivera, a world renowned boxer is invited from Venezuela to help Joe recover."", ""Title: Hajime no Ippo\nJapanese title: はじめの一歩 THE FIGHTING!\nYear: 2000 | Season: fall | Episodes: 75 | Status: Finished Airing | Source: Manga | Studios: Madhouse | Genres: Sports | Score: 8.78/10\nSynopsis: In his father's absence, teenager Ippo Makunouchi works hard to help his mother run her fishing boat rental business. Ippo's timid nature, his lack of sleep, and the sea smell make him an easy target for relentless bullies who leave him bruised and beaten on a daily basis. Mamoru Takamura, an up-and-coming boxer, rescues Ippo from a violent after-school incident and takes him back to the Kamogawa Boxing Gym for recovery. Takamura and his fellow boxers, Masaru Aoki and Tatsuya Kimura, are stunned by Ippo's powerful punches—a result of strong muscles developed through years serving his physically taxing family business. \n\nFollowing brief training under Takamura, Ippo impresses the other boxers in a practice match against prodigy Ichirou Miyata. He gains a rival in Miyata and a coach in Genji Kamogawa, the gym owner and a former boxer himself. As Ippo takes the first steps in his official boxing career, he faces off against a series of challenging opponents, each more powerful than the last. Victory, loss, and a cycle of dedicated training await Ippo on his journey to achieve greatness. With his tough body and unstoppable fighting spirit, the kind young man seeks to take on the world.\n\n[Written by MAL Rewrite]"", ""Title: Haikyuu!! Karasuno Koukou vs. Shiratorizawa Gakuen Koukou\nJapanese title: ハイキュー!! 烏野高校 VS 白鳥沢学園高校\nYear: 2016 | Season: fall | Episodes: 10 | Status: Finished Airing | Source: Manga | Studios: Production I.G | Genres: Sports | Score: 8.77/10\nSynopsis: After the victory against Aoba Jousai High, Karasuno High School, once called “a fallen powerhouse, a crow that can’t fly,” has finally reached the climax of the heated Spring tournament. Now, to advance to nationals, the Karasuno team has to defeat the powerhouse Shiratorizawa Academy. Karasuno’s greatest hurdle is their adversary’s ace, Wakatoshi Ushijima, the number one player in the Miyagi Prefecture, and one of the country’s top three aces.\n\nOnly the strongest team will make it to the national tournament. Since this match is the third-year players’ last chance to qualify for nationals, Karasuno has to use everything they learned during the training camp and prior matches to attain victory. Filled with restlessness and excitement, both teams are determined to come out on top in the third season of Haikyuu!!.\n\n[Written by MAL Rewrite]""]",Tìm theo thể loại/tag,search,genre=sports; setting=school,Trả list anime sports/school,dễ,False
12,có bộ nào giống kiểu harem nhưng plot ổn ổn xíu không,"Top harem picks from DB by score: Saenai Heroine no Sodatekata Fine, Ouran Koukou Host Club, Kimi no Koto ga Daidaidaidaidaisuki na 100-nin no Kanojo 3rd Season","[""Title: Saenai Heroine no Sodatekata Fine\nJapanese title: 冴えない彼女の育てかた Fine\nYear: 2019 | Season: fall | Episodes: 1 | Status: Finished Airing | Source: Light novel | Studios: CloverWorks | Genres: Comedy, Romance | Score: 8.41/10\nSynopsis: With the second Winter Comiket just around the corner, Blessing Software has been vigorously producing its new game, \""How to Raise a Boring Girlfriend.\"" Despite Utaha Kasumigaoka and Eriri Spencer Sawamura leaving the circle, Megumi Katou and Tomoya Aki are hopeful that, by sticking to Tomoya's original vision for the game, their upcoming creation will exceed Blessing Software's previous installment.\n\nWith the addition of new members Iori and Izumi Hashima, development ensues—but not without its share of setbacks. Things rarely go as planned in the dating sim industry, with numerous obstacles forcing Tomoya to decide between helping his friends or completing the game. \n\nSaenai Heroine no Sodatekata Fine draws the series to a close as Tomoya selects his final route, both within his personal life and Blessing Software.\n\n[Written by MAL Rewrite]"", ""Title: Ouran Koukou Host Club\nJapanese title: 桜蘭高校ホスト部\nYear: 2006 | Season: spring | Episodes: 26 | Status: Finished Airing | Source: Manga | Studios: Bones | Genres: Comedy, Romance | Score: 8.16/10\nSynopsis: Haruhi Fujioka is a studious girl who has recently enrolled at the prestigious Ouran Academy. One day, while looking for a quiet and peaceful place to study, she stumbles across a seemingly unused music room. Upon entering, Haruhi is welcomed by the members of the well-known Host Club: a club in which attractive boys amuse girls from across the entire school. However, when Tamaki Suou—the founder and president of the club—startles the bright scholarship student, she accidentally breaks an expensive vase.\n\nWith repayment looking difficult for Haruhi, the Host Club members come up with the perfect solution to the girl's problem: work for the club and ultimately become a Host herself! Mistaken for a boy by her peers, Haruhi has to entertain various female students while coping with her fellow Hosts' extravagant personalities.\n\n[Written by MAL Rewrite]"", ""Title: Kimi no Koto ga Daidaidaidaidaisuki na 100-nin no Kanojo 3rd Season\nJapanese title: 君のことが大大大大大好きな100人の彼女 3期\nYear: 2026 | Season: summer | Episodes: 12 | Status: Finished Airing | Source: Manga | Studios: Bibury Animation Studios | Genres: Comedy, Romance | Score: 8.09/10\nSynopsis: Third season of Kimi no Koto ga Daidaidaidaidaisuki na 100-nin no Kanojo.""]",Tìm theo thể loại/tag,search,genre=harem; ràng buộc='plot chất lượng',Genre + tiêu chí chất lượng chủ quan,khó,False
13,"buồn quá à, muốn coi phim gì đó cảm động chút","Top Drama picks from DB by score: Sousou no Frieren, Fullmetal Alchemist: Brotherhood, Re:Zero kara Hajimeru Isekai Seikatsu 4th Season","[""Title: Sousou no Frieren\nJapanese title: 葬送のフリーレン\nYear: 2023 | Season: fall | Episodes: 28 | Status: Finished Airing | Source: Manga | Studios: Madhouse | Genres: Adventure, Award Winning, Drama, Fantasy | Score: 9.25/10\nSynopsis: During their decade-long quest to defeat the Demon King, the members of the hero's party—Himmel himself, the priest Heiter, the dwarf warrior Eisen, and the elven mage Frieren—forge bonds through adventures and battles, creating unforgettable precious memories for most of them.\n\nHowever, the time that Frieren spends with her comrades is equivalent to merely a fraction of her life, which has lasted over a thousand years. When the party disbands after their victory, Frieren casually returns to her \""usual\"" routine of collecting spells across the continent. Due to her different sense of time, she seemingly holds no strong feelings toward the experiences she went through.\n\nAs the years pass, Frieren gradually realizes how her days in the hero's party truly impacted her. Witnessing the deaths of two of her former companions, Frieren begins to regret having taken their presence for granted; she vows to better understand humans and create real personal connections. Although the story of that once memorable journey has long ended, a new tale is about to begin.\n\n[Written by MAL Rewrite]"", ""Title: Fullmetal Alchemist: Brotherhood\nJapanese title: 鋼の錬金術師 FULLMETAL ALCHEMIST\nYear: 2009 | Season: spring | Episodes: 64 | Status: Finished Airing | Source: Manga | Studios: Bones | Genres: Action, Adventure, Drama, Fantasy | Score: 9.11/10\nSynopsis: After a horrific alchemy experiment goes wrong in the Elric household, brothers Edward and Alphonse are left in a catastrophic new reality. Ignoring the alchemical principle banning human transmutation, the boys attempted to bring their recently deceased mother back to life. Instead, they suffered brutal personal loss: Alphonse's body disintegrated while Edward lost a leg and then sacrificed an arm to keep Alphonse's soul in the physical realm by binding it to a hulking suit of armor.\n\nThe brothers are rescued by their neighbor Pinako Rockbell and her granddaughter Winry. Known as a bio-mechanical engineering prodigy, Winry creates prosthetic limbs for Edward by utilizing \""automail,\"" a tough, versatile metal used in robots and combat armor. After years of training, the Elric brothers set off on a quest to restore their bodies by locating the Philosopher's Stone—a powerful gem that allows an alchemist to defy the traditional laws of Equivalent Exchange.\n\nAs Edward becomes an infamous alchemist and gains the nickname \""Fullmetal,\"" the boys' journey embroils them in a growing conspiracy that threatens the fate of the world.\n\n[Written by MAL Rewrite]"", ""Title: Re:Zero kara Hajimeru Isekai Seikatsu 4th Season\nJapanese title: Re:ゼロから始める異世界生活 4th season\nYear: 2026 | Season: spring | Episodes: 19 | Status: Currently Airing | Source: Light novel | Studios: White Fox | Genres: Drama, Fantasy, Suspense | Score: 9.11/10\nSynopsis: In the deadly battle at the Watergate City of Priestella, Subaru and his allies barely emerged victorious—but their triumph came at a great cost. Through the \""Authority of Gluttony,\"" Rem was put into suspended animation, while Crusch's memories and even Julius’s name were devoured. As he searches for a way to save them, Subaru learns of the \""Sage\"" Shaula—an all-seeing being said to possess every form of knowledge. His next destination is the Pleiades Watchtower, home to the Sage, the farthest tower standing in the vast, uncharted desert known as the Auguria Dunes—a place so perilous that even the mightiest \""Sword Saint,\"" Reinhard, failed to conquer it. The fury of nature, unknown magical beasts, and unimaginable dangers lie ahead. Together with his friends, Subaru embarks on a life-risking journey to reclaim what was lost.\n\n(Source: Kadokawa, edited)""]",Tìm theo tâm trạng/cảm xúc (mood-based),recommend,mood=buồn->cần cảm động/an ủi,"Gợi ý anime drama/cảm động, giọng điệu đồng cảm nhẹ",trung bình,False
14,"đang stress vl, có phim nào hài hước xem xả stress không","Top Comedy picks from DB by score: Gintama°, Gintama: The Final, Gintama'","[""Title: Gintama°\nJapanese title: 銀魂°\nYear: 2015 | Season: spring | Episodes: 51 | Status: Finished Airing | Source: Manga | Studios: Bandai Namco Pictures | Genres: Action, Comedy, Sci-Fi | Score: 9.05/10\nSynopsis: Gintoki, Shinpachi, and Kagura return as the fun-loving but broke members of the Yorozuya team! Living in an alternate-reality Edo, where swords are prohibited and alien overlords have conquered Japan, they try to thrive on doing whatever work they can get their hands on. However, Shinpachi and Kagura still haven't been paid... Does Gin-chan really spend all that cash playing pachinko?\n\nMeanwhile, when Gintoki drunkenly staggers home one night, an alien spaceship crashes nearby. A fatally injured crew member emerges from the ship and gives Gintoki a strange, clock-shaped device, warning him that it is incredibly powerful and must be safeguarded. Mistaking it for his alarm clock, Gintoki proceeds to smash the device the next morning and suddenly discovers that the world outside his apartment has come to a standstill. With Kagura and Shinpachi at his side, he sets off to get the device fixed; though, as usual, nothing is ever that simple for the Yorozuya team.\n\nFilled with tongue-in-cheek humor and moments of heartfelt emotion, Gintama's fourth season finds Gintoki and his friends facing both their most hilarious misadventures and most dangerous crises yet.\n\n[Written by MAL Rewrite]"", ""Title: Gintama: The Final\nJapanese title: 銀魂 THE FINAL\nYear: 2021 | Season: winter | Episodes: 1 | Status: Finished Airing | Source: Manga | Studios: Bandai Namco Pictures | Genres: Action, Comedy, Drama, Sci-Fi | Score: 9.05/10\nSynopsis: Two years have passed following the Tendoshuu's invasion of the O-Edo Central Terminal. Since then, the Yorozuya have gone their separate ways. Foreseeing Utsuro's return, Gintoki Sakata begins surveying Earth's ley lines for traces of the other man's Altana. After an encounter with the remnants of the Tendoshuu—who continue to press on in search of immortality—Gintoki returns to Edo.\n\nLater, the regrouped Shinsengumi and Yorozuya begin an attack on the occupied Central Terminal. With the Altana harvested by the wreckage of the Tendoshuu's ship in danger of detonating, the Yorozuya and their allies fight their enemies while the safety of Edo—and the rest of the world—hangs in the balance. Fulfilling the wishes of their teacher, Shouyou Yoshida's former students unite and relive their pasts one final time in an attempt to save their futures.\n\n[Written by MAL Rewrite]"", ""Title: Gintama'\nJapanese title: 銀魂'\nYear: 2011 | Season: spring | Episodes: 51 | Status: Finished Airing | Source: Manga | Studios: Sunrise | Genres: Action, Comedy, Sci-Fi | Score: 9.02/10\nSynopsis: After a one-year hiatus, Shinpachi Shimura returns to Edo, only to stumble upon a shocking surprise: Gintoki and Kagura, his fellow Yorozuya members, have become completely different characters! Fleeing from the Yorozuya headquarters in confusion, Shinpachi finds that all the denizens of Edo have undergone impossibly extreme changes, in both appearance and personality. Most unbelievably, his sister Otae has married the Shinsengumi chief and shameless stalker Isao Kondou and is pregnant with their first child.\n\nBewildered, Shinpachi agrees to join the Shinsengumi at Otae and Kondou's request and finds even more startling transformations afoot both in and out of the ranks of the the organization. However, discovering that Vice Chief Toushirou Hijikata has remained unchanged, Shinpachi and his unlikely Shinsengumi ally set out to return the city of Edo to how they remember it.\n\nWith even more dirty jokes, tongue-in-cheek parodies, and shameless references, Gintama' follows the Yorozuya team through more of their misadventures in the vibrant, alien-filled world of Edo.\n\n[Written by MAL Rewrite]""]",Tìm theo tâm trạng/cảm xúc (mood-based),recommend,mood=stress->cần hài/giải trí,"Gợi ý comedy, tránh gợi ý phim nặng đô",trung bình,False
15,muốn khóc 1 trận thì nên xem phim gì,"Top Drama picks from DB by score: Sousou no Frieren, Fullmetal Alchemist: Brotherhood, Re:Zero kara Hajimeru Isekai Seikatsu 4th Season","[""Title: Sousou no Frieren\nJapanese title: 葬送のフリーレン\nYear: 2023 | Season: fall | Episodes: 28 | Status: Finished Airing | Source: Manga | Studios: Madhouse | Genres: Adventure, Award Winning, Drama, Fantasy | Score: 9.25/10\nSynopsis: During their decade-long quest to defeat the Demon King, the members of the hero's party—Himmel himself, the priest Heiter, the dwarf warrior Eisen, and the elven mage Frieren—forge bonds through adventures and battles, creating unforgettable precious memories for most of them.\n\nHowever, the time that Frieren spends with her comrades is equivalent to merely a fraction of her life, which has lasted over a thousand years. When the party disbands after their victory, Frieren casually returns to her \""usual\"" routine of collecting spells across the continent. Due to her different sense of time, she seemingly holds no strong feelings toward the experiences she went through.\n\nAs the years pass, Frieren gradually realizes how her days in the hero's party truly impacted her. Witnessing the deaths of two of her former companions, Frieren begins to regret having taken their presence for granted; she vows to better understand humans and create real personal connections. Although the story of that once memorable journey has long ended, a new tale is about to begin.\n\n[Written by MAL Rewrite]"", ""Title: Fullmetal Alchemist: Brotherhood\nJapanese title: 鋼の錬金術師 FULLMETAL ALCHEMIST\nYear: 2009 | Season: spring | Episodes: 64 | Status: Finished Airing | Source: Manga | Studios: Bones | Genres: Action, Adventure, Drama, Fantasy | Score: 9.11/10\nSynopsis: After a horrific alchemy experiment goes wrong in the Elric household, brothers Edward and Alphonse are left in a catastrophic new reality. Ignoring the alchemical principle banning human transmutation, the boys attempted to bring their recently deceased mother back to life. Instead, they suffered brutal personal loss: Alphonse's body disintegrated while Edward lost a leg and then sacrificed an arm to keep Alphonse's soul in the physical realm by binding it to a hulking suit of armor.\n\nThe brothers are rescued by their neighbor Pinako Rockbell and her granddaughter Winry. Known as a bio-mechanical engineering prodigy, Winry creates prosthetic limbs for Edward by utilizing \""automail,\"" a tough, versatile metal used in robots and combat armor. After years of training, the Elric brothers set off on a quest to restore their bodies by locating the Philosopher's Stone—a powerful gem that allows an alchemist to defy the traditional laws of Equivalent Exchange.\n\nAs Edward becomes an infamous alchemist and gains the nickname \""Fullmetal,\"" the boys' journey embroils them in a growing conspiracy that threatens the fate of the world.\n\n[Written by MAL Rewrite]"", ""Title: Re:Zero kara Hajimeru Isekai Seikatsu 4th Season\nJapanese title: Re:ゼロから始める異世界生活 4th season\nYear: 2026 | Season: spring | Episodes: 19 | Status: Currently Airing | Source: Light novel | Studios: White Fox | Genres: Drama, Fantasy, Suspense | Score: 9.11/10\nSynopsis: In the deadly battle at the Watergate City of Priestella, Subaru and his allies barely emerged victorious—but their triumph came at a great cost. Through the \""Authority of Gluttony,\"" Rem was put into suspended animation, while Crusch's memories and even Julius’s name were devoured. As he searches for a way to save them, Subaru learns of the \""Sage\"" Shaula—an all-seeing being said to possess every form of knowledge. His next destination is the Pleiades Watchtower, home to the Sage, the farthest tower standing in the vast, uncharted desert known as the Auguria Dunes—a place so perilous that even the mightiest \""Sword Saint,\"" Reinhard, failed to conquer it. The fury of nature, unknown magical beasts, and unimaginable dangers lie ahead. Together with his friends, Subaru embarks on a life-risking journey to reclaim what was lost.\n\n(Source: Kadokawa, edited)""]",Tìm theo tâm trạng/cảm xúc (mood-based),recommend,mood=muốn khóc->drama/tragedy,"Gợi ý anime nổi tiếng gây khóc, có thể cảnh báo spoiler nhẹ",dễ,False
16,"cuối tuần rảnh rỗi, có gì cày 1 lèo hết mùa không mất công chờ","Finished-airing picks from DB: Sousou no Frieren, Fullmetal Alchemist: Brotherhood, Steins;Gate","[""Title: Sousou no Frieren\nJapanese title: 葬送のフリーレン\nYear: 2023 | Season: fall | Episodes: 28 | Status: Finished Airing | Source: Manga | Studios: Madhouse | Genres: Adventure, Award Winning, Drama, Fantasy | Score: 9.25/10\nSynopsis: During their decade-long quest to defeat the Demon King, the members of the hero's party—Himmel himself, the priest Heiter, the dwarf warrior Eisen, and the elven mage Frieren—forge bonds through adventures and battles, creating unforgettable precious memories for most of them.\n\nHowever, the time that Frieren spends with her comrades is equivalent to merely a fraction of her life, which has lasted over a thousand years. When the party disbands after their victory, Frieren casually returns to her \""usual\"" routine of collecting spells across the continent. Due to her different sense of time, she seemingly holds no strong feelings toward the experiences she went through.\n\nAs the years pass, Frieren gradually realizes how her days in the hero's party truly impacted her. Witnessing the deaths of two of her former companions, Frieren begins to regret having taken their presence for granted; she vows to better understand humans and create real personal connections. Although the story of that once memorable journey has long ended, a new tale is about to begin.\n\n[Written by MAL Rewrite]"", ""Title: Fullmetal Alchemist: Brotherhood\nJapanese title: 鋼の錬金術師 FULLMETAL ALCHEMIST\nYear: 2009 | Season: spring | Episodes: 64 | Status: Finished Airing | Source: Manga | Studios: Bones | Genres: Action, Adventure, Drama, Fantasy | Score: 9.11/10\nSynopsis: After a horrific alchemy experiment goes wrong in the Elric household, brothers Edward and Alphonse are left in a catastrophic new reality. Ignoring the alchemical principle banning human transmutation, the boys attempted to bring their recently deceased mother back to life. Instead, they suffered brutal personal loss: Alphonse's body disintegrated while Edward lost a leg and then sacrificed an arm to keep Alphonse's soul in the physical realm by binding it to a hulking suit of armor.\n\nThe brothers are rescued by their neighbor Pinako Rockbell and her granddaughter Winry. Known as a bio-mechanical engineering prodigy, Winry creates prosthetic limbs for Edward by utilizing \""automail,\"" a tough, versatile metal used in robots and combat armor. After years of training, the Elric brothers set off on a quest to restore their bodies by locating the Philosopher's Stone—a powerful gem that allows an alchemist to defy the traditional laws of Equivalent Exchange.\n\nAs Edward becomes an infamous alchemist and gains the nickname \""Fullmetal,\"" the boys' journey embroils them in a growing conspiracy that threatens the fate of the world.\n\n[Written by MAL Rewrite]"", ""Title: Steins;Gate\nJapanese title: STEINS;GATE\nYear: 2011 | Season: spring | Episodes: 24 | Status: Finished Airing | Source: Visual novel | Studios: White Fox | Genres: Drama, Sci-Fi, Suspense | Score: 9.07/10\nSynopsis: Eccentric scientist Rintarou Okabe has a never-ending thirst for scientific exploration. Together with his ditzy but well-meaning friend Mayuri Shiina and his roommate Itaru Hashida, Okabe founds the Future Gadget Laboratory in the hopes of creating technological innovations that baffle the human psyche. Despite claims of grandeur, the only notable \""gadget\"" the trio have created is a microwave that has the mystifying power to turn bananas into green goo.\n\nHowever, when Okabe attends a conference on time travel, he experiences a series of strange events that lead him to believe that there is more to the \""Phone Microwave\"" gadget than meets the eye. Apparently able to send text messages into the past using the microwave, Okabe dabbles further with the \""time machine,\"" attracting the ire and attention of the mysterious organization SERN.\n\nDue to the novel discovery, Okabe and his friends find themselves in an ever-present danger. As he works to mitigate the damage his invention has caused to the timeline, Okabe fights a battle to not only save his loved ones but also to preserve his degrading sanity.\n\n[Written by MAL Rewrite]""]",Tìm theo tâm trạng/cảm xúc (mood-based),recommend,constraint=đã hoàn thành/không airing,"Lọc theo status=completed, đủ dài để 'cày'",trung bình,False
17,xem phim gì để có động lực học hành thi cử đây,"Top Sports picks from DB by score: Ashita no Joe 2, Hajime no Ippo, Haikyuu!! Karasuno Koukou vs. Shiratorizawa Gakuen Koukou","[""Title: Ashita no Joe 2\nJapanese title: あしたのジョー２\nYear: 1980 | Season: fall | Episodes: 47 | Status: Finished Airing | Source: Manga | Studios: Tokyo Movie Shinsha | Genres: Drama, Sports | Score: 8.82/10\nSynopsis: Yabuki Joe is left downhearted and hopeless after a certain tragic event. In attempt to put the past behind him, Joe leaves the gym behind and begins wandering. On his travels he comes across the likes of Wolf Kanagushi and Goromaki Gondo, men who unintentionally fan the dying embers inside him, leading him to putting his wanderings to an end. His return home puts Joe back on the path to boxing, but unknown to himself and his trainer, he now suffers deep-set issues holding him back from fighting. In attempt to quell those issues, Carlos Rivera, a world renowned boxer is invited from Venezuela to help Joe recover."", ""Title: Hajime no Ippo\nJapanese title: はじめの一歩 THE FIGHTING!\nYear: 2000 | Season: fall | Episodes: 75 | Status: Finished Airing | Source: Manga | Studios: Madhouse | Genres: Sports | Score: 8.78/10\nSynopsis: In his father's absence, teenager Ippo Makunouchi works hard to help his mother run her fishing boat rental business. Ippo's timid nature, his lack of sleep, and the sea smell make him an easy target for relentless bullies who leave him bruised and beaten on a daily basis. Mamoru Takamura, an up-and-coming boxer, rescues Ippo from a violent after-school incident and takes him back to the Kamogawa Boxing Gym for recovery. Takamura and his fellow boxers, Masaru Aoki and Tatsuya Kimura, are stunned by Ippo's powerful punches—a result of strong muscles developed through years serving his physically taxing family business. \n\nFollowing brief training under Takamura, Ippo impresses the other boxers in a practice match against prodigy Ichirou Miyata. He gains a rival in Miyata and a coach in Genji Kamogawa, the gym owner and a former boxer himself. As Ippo takes the first steps in his official boxing career, he faces off against a series of challenging opponents, each more powerful than the last. Victory, loss, and a cycle of dedicated training await Ippo on his journey to achieve greatness. With his tough body and unstoppable fighting spirit, the kind young man seeks to take on the world.\n\n[Written by MAL Rewrite]"", ""Title: Haikyuu!! Karasuno Koukou vs. Shiratorizawa Gakuen Koukou\nJapanese title: ハイキュー!! 烏野高校 VS 白鳥沢学園高校\nYear: 2016 | Season: fall | Episodes: 10 | Status: Finished Airing | Source: Manga | Studios: Production I.G | Genres: Sports | Score: 8.77/10\nSynopsis: After the victory against Aoba Jousai High, Karasuno High School, once called “a fallen powerhouse, a crow that can’t fly,” has finally reached the climax of the heated Spring tournament. Now, to advance to nationals, the Karasuno team has to defeat the powerhouse Shiratorizawa Academy. Karasuno’s greatest hurdle is their adversary’s ace, Wakatoshi Ushijima, the number one player in the Miyagi Prefecture, and one of the country’s top three aces.\n\nOnly the strongest team will make it to the national tournament. Since this match is the third-year players’ last chance to qualify for nationals, Karasuno has to use everything they learned during the training camp and prior matches to attain victory. Filled with restlessness and excitement, both teams are determined to come out on top in the third season of Haikyuu!!.\n\n[Written by MAL Rewrite]""]",Tìm theo tâm trạng/cảm xúc (mood-based),recommend,mood=cần động lực,Gợi ý anime thể thao/nỗ lực (shounen motivational),trung bình,False
18,giống Attack on Titan mà đỡ máu me hơn có bộ nào không,"Base: Shingeki no Kyojin (Action, Award Winning, Drama, Suspense). Valid same-genre picks from DB: Sousou no Frieren, Fullmetal Alchemist: Brotherhood, Re:Zero kara Hajimeru Isekai Seikatsu 4th Season","[""Title: Shingeki no Kyojin\nJapanese title: 進撃の巨人\nYear: 2013 | Season: spring | Episodes: 25 | Status: Finished Airing | Source: Manga | Studios: Wit Studio | Genres: Action, Award Winning, Drama, Suspense | Score: 8.58/10\nSynopsis: Centuries ago, mankind was slaughtered to near extinction by monstrous humanoid creatures called Titans, forcing humans to hide in fear behind enormous concentric walls. What makes these giants truly terrifying is that their taste for human flesh is not born out of hunger but what appears to be out of pleasure. To ensure their survival, the remnants of humanity began living within defensive barriers, resulting in one hundred years without a single titan encounter. However, that fragile calm is soon shattered when a colossal Titan manages to breach the supposedly impregnable outer wall, reigniting the fight for survival against the man-eating abominations.\n\nAfter witnessing a horrific personal loss at the hands of the invading creatures, Eren Yeager dedicates his life to their eradication by enlisting into the Survey Corps, an elite military unit that combats the merciless humanoids outside the protection of the walls. Eren, his adopted sister Mikasa Ackerman, and his childhood friend Armin Arlert join the brutal war against the Titans and race to discover a way of defeating them before the last walls are breached.\n\n[Written by MAL Rewrite]"", ""Title: Sousou no Frieren\nJapanese title: 葬送のフリーレン\nYear: 2023 | Season: fall | Episodes: 28 | Status: Finished Airing | Source: Manga | Studios: Madhouse | Genres: Adventure, Award Winning, Drama, Fantasy | Score: 9.25/10\nSynopsis: During their decade-long quest to defeat the Demon King, the members of the hero's party—Himmel himself, the priest Heiter, the dwarf warrior Eisen, and the elven mage Frieren—forge bonds through adventures and battles, creating unforgettable precious memories for most of them.\n\nHowever, the time that Frieren spends with her comrades is equivalent to merely a fraction of her life, which has lasted over a thousand years. When the party disbands after their victory, Frieren casually returns to her \""usual\"" routine of collecting spells across the continent. Due to her different sense of time, she seemingly holds no strong feelings toward the experiences she went through.\n\nAs the years pass, Frieren gradually realizes how her days in the hero's party truly impacted her. Witnessing the deaths of two of her former companions, Frieren begins to regret having taken their presence for granted; she vows to better understand humans and create real personal connections. Although the story of that once memorable journey has long ended, a new tale is about to begin.\n\n[Written by MAL Rewrite]"", ""Title: Fullmetal Alchemist: Brotherhood\nJapanese title: 鋼の錬金術師 FULLMETAL ALCHEMIST\nYear: 2009 | Season: spring | Episodes: 64 | Status: Finished Airing | Source: Manga | Studios: Bones | Genres: Action, Adventure, Drama, Fantasy | Score: 9.11/10\nSynopsis: After a horrific alchemy experiment goes wrong in the Elric household, brothers Edward and Alphonse are left in a catastrophic new reality. Ignoring the alchemical principle banning human transmutation, the boys attempted to bring their recently deceased mother back to life. Instead, they suffered brutal personal loss: Alphonse's body disintegrated while Edward lost a leg and then sacrificed an arm to keep Alphonse's soul in the physical realm by binding it to a hulking suit of armor.\n\nThe brothers are rescued by their neighbor Pinako Rockbell and her granddaughter Winry. Known as a bio-mechanical engineering prodigy, Winry creates prosthetic limbs for Edward by utilizing \""automail,\"" a tough, versatile metal used in robots and combat armor. After years of training, the Elric brothers set off on a quest to restore their bodies by locating the Philosopher's Stone—a powerful gem that allows an alchemist to defy the traditional laws of Equivalent Exchange.\n\nAs Edward becomes an infamous alchemist and gains the nickname \""Fullmetal,\"" the boys' journey embroils them in a growing conspiracy that threatens the fate of the world.\n\n[Written by MAL Rewrite]"", ""Title: Re:Zero kara Hajimeru Isekai Seikatsu 4th Season\nJapanese title: Re:ゼロから始める異世界生活 4th season\nYear: 2026 | Season: spring | Episodes: 19 | Status: Currently Airing | Source: Light novel | Studios: White Fox | Genres: Drama, Fantasy, Suspense | Score: 9.11/10\nSynopsis: In the deadly battle at the Watergate City of Priestella, Subaru and his allies barely emerged victorious—but their triumph came at a great cost. Through the \""Authority of Gluttony,\"" Rem was put into suspended animation, while Crusch's memories and even Julius’s name were devoured. As he searches for a way to save them, Subaru learns of the \""Sage\"" Shaula—an all-seeing being said to possess every form of knowledge. His next destination is the Pleiades Watchtower, home to the Sage, the farthest tower standing in the vast, uncharted desert known as the Auguria Dunes—a place so perilous that even the mightiest \""Sword Saint,\"" Reinhard, failed to conquer it. The fury of nature, unknown magical beasts, and unimaginable dangers lie ahead. Together with his friends, Subaru embarks on a life-risking journey to reclaim what was lost.\n\n(Source: Kadokawa, edited)""]",Gợi ý dựa trên phim đã xem (similar recommendation),recommend,similar_to=Attack on Titan; constraint=ít bạo lực hơn,Gợi ý dark fantasy/action nhẹ hơn AOT,khó,False
19,"coi xong Death Note rồi, giờ nên xem gì tiếp đây","Base: Death Note (Supernatural, Suspense). Valid same-genre picks from DB: Re:Zero kara Hajimeru Isekai Seikatsu 4th Season, Steel Ball Run: JoJo no Kimyou na Bouken, Steel Ball Run: JoJo no Kimyou na Bouken","[""Title: Death Note\nJapanese title: デスノート\nYear: 2006 | Season: fall | Episodes: 37 | Status: Finished Airing | Source: Manga | Studios: Madhouse | Genres: Supernatural, Suspense | Score: 8.62/10\nSynopsis: Brutal murders, petty thefts, and senseless violence pollute the human world. In contrast, the realm of death gods is a humdrum, unchanging gambling den. The ingenious 17-year-old Japanese student Light Yagami and sadistic god of death Ryuk share one belief: their worlds are rotten.\n\nFor his own amusement, Ryuk drops his Death Note into the human world. Light stumbles upon it, deeming the first of its rules ridiculous: the human whose name is written in this note shall die. However, the temptation is too great, and Light experiments by writing a felon's name, which disturbingly enacts his first murder.\n\nAware of the terrifying godlike power that has fallen into his hands, Light—under the alias Kira—follows his wicked sense of justice with the ultimate goal of cleansing the world of all evil-doers. The meticulous mastermind detective L is already on his trail, but as Light's brilliance rivals L's, the grand chase for Kira turns into an intense battle of wits that can only end when one of them is dead.\n\n[Written by MAL Rewrite]"", ""Title: Re:Zero kara Hajimeru Isekai Seikatsu 4th Season\nJapanese title: Re:ゼロから始める異世界生活 4th season\nYear: 2026 | Season: spring | Episodes: 19 | Status: Currently Airing | Source: Light novel | Studios: White Fox | Genres: Drama, Fantasy, Suspense | Score: 9.11/10\nSynopsis: In the deadly battle at the Watergate City of Priestella, Subaru and his allies barely emerged victorious—but their triumph came at a great cost. Through the \""Authority of Gluttony,\"" Rem was put into suspended animation, while Crusch's memories and even Julius’s name were devoured. As he searches for a way to save them, Subaru learns of the \""Sage\"" Shaula—an all-seeing being said to possess every form of knowledge. His next destination is the Pleiades Watchtower, home to the Sage, the farthest tower standing in the vast, uncharted desert known as the Auguria Dunes—a place so perilous that even the mightiest \""Sword Saint,\"" Reinhard, failed to conquer it. The fury of nature, unknown magical beasts, and unimaginable dangers lie ahead. Together with his friends, Subaru embarks on a life-risking journey to reclaim what was lost.\n\n(Source: Kadokawa, edited)"", ""Title: Steel Ball Run: JoJo no Kimyou na Bouken\nJapanese title: スティール・ボール・ラン ジョジョの奇妙な冒険\nYear: 2026 | Season: winter | Status: Currently Airing | Source: Manga | Studios: David Production | Genres: Action, Adventure, Mystery, Supernatural | Score: 9.08/10\nSynopsis: In the American Old West, the world's greatest race is about to begin. Thousands line up in San Diego to travel over six thousand kilometers for a chance to win the grand prize of fifty million dollars. With the era of the horse reaching its end, contestants are allowed to use any kind of vehicle they wish. Competitors will have to endure grueling conditions, traveling up to a hundred kilometers a day through uncharted wastelands. The Steel Ball Run is truly a one-of-a-kind event.\n\nThe youthful Johnny Joestar, a crippled former horse racer, has come to San Diego to watch the start of the race. There he encounters Gyro Zeppeli, a racer with two steel balls at his waist instead of a gun. Johnny witnesses Gyro using one of his steel balls to unleash a fantastical power, compelling a man to fire his gun at himself during a duel. In the midst of the action, Johnny happens to touch the steel ball and feels a power surging through his legs, allowing him to stand up for the first time in two years. Vowing to find the secret of the steel balls, Johnny decides to compete in the race, and so begins his bizarre adventure across America on the Steel Ball Run.\n\n[Written by MAL Rewrite]"", ""Title: Steel Ball Run: JoJo no Kimyou na Bouken\nJapanese title: スティール・ボール・ラン ジョジョの奇妙な冒険\nYear: 2026 | Season: winter | Status: Currently Airing | Source: Manga | Studios: David Production | Genres: Action, Adventure, Mystery, Supernatural | Score: 9.08/10\nSynopsis: In the American Old West, the world's greatest race is about to begin. Thousands line up in San Diego to travel over six thousand kilometers for a chance to win the grand prize of fifty million dollars. With the era of the horse reaching its end, contestants are allowed to use any kind of vehicle they wish. Competitors will have to endure grueling conditions, traveling up to a hundred kilometers a day through uncharted wastelands. The Steel Ball Run is truly a one-of-a-kind event.\n\nThe youthful Johnny Joestar, a crippled former horse racer, has come to San Diego to watch the start of the race. There he encounters Gyro Zeppeli, a racer with two steel balls at his waist instead of a gun. Johnny witnesses Gyro using one of his steel balls to unleash a fantastical power, compelling a man to fire his gun at himself during a duel. In the midst of the action, Johnny happens to touch the steel ball and feels a power surging through his legs, allowing him to stand up for the first time in two years. Vowing to find the secret of the steel balls, Johnny decides to compete in the race, and so begins his bizarre adventure across America on the Steel Ball Run.\n\n[Written by MAL Rewrite]""]",Gợi ý dựa trên phim đã xem (similar recommendation),recommend,similar_to=Death Note,Gợi ý psychological thriller tương tự,dễ,False
20,có phim nào có vibe giống Your Name không,"Base: Kimi no Na wa. (Award Winning, Drama). Valid same-genre picks from DB: Sousou no Frieren, Fullmetal Alchemist: Brotherhood, Re:Zero kara Hajimeru Isekai Seikatsu 4th Season","[""Title: Kimi no Na wa.\nJapanese title: 君の名は。\nYear: 2016 | Season: summer | Episodes: 1 | Status: Finished Airing | Source: Original | Studios: CoMix Wave Films | Genres: Award Winning, Drama | Score: 8.82/10\nSynopsis: Mitsuha Miyamizu, a high school girl, yearns to live the life of a boy in the bustling city of Tokyo—a dream that stands in stark contrast to her present life in the countryside. Meanwhile in the city, Taki Tachibana lives a busy life as a high school student while juggling his part-time job and hopes for a future in architecture.\n\nOne day, Mitsuha awakens in a room that is not her own and suddenly finds herself living the dream life in Tokyo—but in Taki's body! Elsewhere, Taki finds himself living Mitsuha's life in the humble countryside. In pursuit of an answer to this strange phenomenon, they begin to search for one another.\n\nKimi no Na wa. revolves around Mitsuha and Taki's actions, which begin to have a dramatic impact on each other's lives, weaving them into a fabric held together by fate and circumstance.\n\n[Written by MAL Rewrite]"", ""Title: Sousou no Frieren\nJapanese title: 葬送のフリーレン\nYear: 2023 | Season: fall | Episodes: 28 | Status: Finished Airing | Source: Manga | Studios: Madhouse | Genres: Adventure, Award Winning, Drama, Fantasy | Score: 9.25/10\nSynopsis: During their decade-long quest to defeat the Demon King, the members of the hero's party—Himmel himself, the priest Heiter, the dwarf warrior Eisen, and the elven mage Frieren—forge bonds through adventures and battles, creating unforgettable precious memories for most of them.\n\nHowever, the time that Frieren spends with her comrades is equivalent to merely a fraction of her life, which has lasted over a thousand years. When the party disbands after their victory, Frieren casually returns to her \""usual\"" routine of collecting spells across the continent. Due to her different sense of time, she seemingly holds no strong feelings toward the experiences she went through.\n\nAs the years pass, Frieren gradually realizes how her days in the hero's party truly impacted her. Witnessing the deaths of two of her former companions, Frieren begins to regret having taken their presence for granted; she vows to better understand humans and create real personal connections. Although the story of that once memorable journey has long ended, a new tale is about to begin.\n\n[Written by MAL Rewrite]"", ""Title: Fullmetal Alchemist: Brotherhood\nJapanese title: 鋼の錬金術師 FULLMETAL ALCHEMIST\nYear: 2009 | Season: spring | Episodes: 64 | Status: Finished Airing | Source: Manga | Studios: Bones | Genres: Action, Adventure, Drama, Fantasy | Score: 9.11/10\nSynopsis: After a horrific alchemy experiment goes wrong in the Elric household, brothers Edward and Alphonse are left in a catastrophic new reality. Ignoring the alchemical principle banning human transmutation, the boys attempted to bring their recently deceased mother back to life. Instead, they suffered brutal personal loss: Alphonse's body disintegrated while Edward lost a leg and then sacrificed an arm to keep Alphonse's soul in the physical realm by binding it to a hulking suit of armor.\n\nThe brothers are rescued by their neighbor Pinako Rockbell and her granddaughter Winry. Known as a bio-mechanical engineering prodigy, Winry creates prosthetic limbs for Edward by utilizing \""automail,\"" a tough, versatile metal used in robots and combat armor. After years of training, the Elric brothers set off on a quest to restore their bodies by locating the Philosopher's Stone—a powerful gem that allows an alchemist to defy the traditional laws of Equivalent Exchange.\n\nAs Edward becomes an infamous alchemist and gains the nickname \""Fullmetal,\"" the boys' journey embroils them in a growing conspiracy that threatens the fate of the world.\n\n[Written by MAL Rewrite]"", ""Title: Re:Zero kara Hajimeru Isekai Seikatsu 4th Season\nJapanese title: Re:ゼロから始める異世界生活 4th season\nYear: 2026 | Season: spring | Episodes: 19 | Status: Currently Airing | Source: Light novel | Studios: White Fox | Genres: Drama, Fantasy, Suspense | Score: 9.11/10\nSynopsis: In the deadly battle at the Watergate City of Priestella, Subaru and his allies barely emerged victorious—but their triumph came at a great cost. Through the \""Authority of Gluttony,\"" Rem was put into suspended animation, while Crusch's memories and even Julius’s name were devoured. As he searches for a way to save them, Subaru learns of the \""Sage\"" Shaula—an all-seeing being said to possess every form of knowledge. His next destination is the Pleiades Watchtower, home to the Sage, the farthest tower standing in the vast, uncharted desert known as the Auguria Dunes—a place so perilous that even the mightiest \""Sword Saint,\"" Reinhard, failed to conquer it. The fury of nature, unknown magical beasts, and unimaginable dangers lie ahead. Together with his friends, Subaru embarks on a life-risking journey to reclaim what was lost.\n\n(Source: Kadokawa, edited)""]",Gợi ý dựa trên phim đã xem (similar recommendation),recommend,similar_to=Your Name (theme=lãng mạn+giả tưởng nhẹ),Gợi ý anime movie/romance-fantasy tương tự,trung bình,False
21,"fan Naruto lâu năm đây, ai rec phim nào hợp gu đi","Base: Ninja Kamui (Action, Sci-Fi). Valid same-genre picks from DB: Fullmetal Alchemist: Brotherhood, Steel Ball Run: JoJo no Kimyou na Bouken, Steel Ball Run: JoJo no Kimyou na Bouken","[""Title: Ninja Kamui\nYear: 2024 | Season: winter | Episodes: 13 | Status: Finished Airing | Source: Original | Studios: E&H Production | Genres: Action, Sci-Fi | Score: 6.51/10\nSynopsis: Seemingly an average man, Joe Logan leads a peaceful life in the countryside with his wife and child. However, the Logan family have actually assumed false identities to escape from Joe's past as a fearsome ninja assassin. Despite a string of high-profile murders of his former peers, Joe is sure that his new life is secure—but his tranquil bliss is soon shattered when his family is slaughtered by members of his former clan.\n\nLeft for dead, Joe wakes up in a hospital, unsure of how he survived the wounds that should have killed him. Police detectives Emma Samanda and Mike Moriss, assigned to investigate the Logan family's deaths, witness another attempt on Joe's life. However, this time Joe is prepared. Unleashing secret techniques, he easily dispatches his enemies, shedding his new identity in the process.\n\nEmbracing his old ways, Joe shrouds himself in his former persona, cutting through the organization he once served in the name of cold-blooded revenge. Assisted in his hunt by the detective duo, Joe will stop at nothing to kill his past and the demons hailing from it.\n\n[Written by MAL Rewrite]"", ""Title: Fullmetal Alchemist: Brotherhood\nJapanese title: 鋼の錬金術師 FULLMETAL ALCHEMIST\nYear: 2009 | Season: spring | Episodes: 64 | Status: Finished Airing | Source: Manga | Studios: Bones | Genres: Action, Adventure, Drama, Fantasy | Score: 9.11/10\nSynopsis: After a horrific alchemy experiment goes wrong in the Elric household, brothers Edward and Alphonse are left in a catastrophic new reality. Ignoring the alchemical principle banning human transmutation, the boys attempted to bring their recently deceased mother back to life. Instead, they suffered brutal personal loss: Alphonse's body disintegrated while Edward lost a leg and then sacrificed an arm to keep Alphonse's soul in the physical realm by binding it to a hulking suit of armor.\n\nThe brothers are rescued by their neighbor Pinako Rockbell and her granddaughter Winry. Known as a bio-mechanical engineering prodigy, Winry creates prosthetic limbs for Edward by utilizing \""automail,\"" a tough, versatile metal used in robots and combat armor. After years of training, the Elric brothers set off on a quest to restore their bodies by locating the Philosopher's Stone—a powerful gem that allows an alchemist to defy the traditional laws of Equivalent Exchange.\n\nAs Edward becomes an infamous alchemist and gains the nickname \""Fullmetal,\"" the boys' journey embroils them in a growing conspiracy that threatens the fate of the world.\n\n[Written by MAL Rewrite]"", ""Title: Steel Ball Run: JoJo no Kimyou na Bouken\nJapanese title: スティール・ボール・ラン ジョジョの奇妙な冒険\nYear: 2026 | Season: winter | Status: Currently Airing | Source: Manga | Studios: David Production | Genres: Action, Adventure, Mystery, Supernatural | Score: 9.08/10\nSynopsis: In the American Old West, the world's greatest race is about to begin. Thousands line up in San Diego to travel over six thousand kilometers for a chance to win the grand prize of fifty million dollars. With the era of the horse reaching its end, contestants are allowed to use any kind of vehicle they wish. Competitors will have to endure grueling conditions, traveling up to a hundred kilometers a day through uncharted wastelands. The Steel Ball Run is truly a one-of-a-kind event.\n\nThe youthful Johnny Joestar, a crippled former horse racer, has come to San Diego to watch the start of the race. There he encounters Gyro Zeppeli, a racer with two steel balls at his waist instead of a gun. Johnny witnesses Gyro using one of his steel balls to unleash a fantastical power, compelling a man to fire his gun at himself during a duel. In the midst of the action, Johnny happens to touch the steel ball and feels a power surging through his legs, allowing him to stand up for the first time in two years. Vowing to find the secret of the steel balls, Johnny decides to compete in the race, and so begins his bizarre adventure across America on the Steel Ball Run.\n\n[Written by MAL Rewrite]"", ""Title: Steel Ball Run: JoJo no Kimyou na Bouken\nJapanese title: スティール・ボール・ラン ジョジョの奇妙な冒険\nYear: 2026 | Season: winter | Status: Currently Airing | Source: Manga | Studios: David Production | Genres: Action, Adventure, Mystery, Supernatural | Score: 9.08/10\nSynopsis: In the American Old West, the world's greatest race is about to begin. Thousands line up in San Diego to travel over six thousand kilometers for a chance to win the grand prize of fifty million dollars. With the era of the horse reaching its end, contestants are allowed to use any kind of vehicle they wish. Competitors will have to endure grueling conditions, traveling up to a hundred kilometers a day through uncharted wastelands. The Steel Ball Run is truly a one-of-a-kind event.\n\nThe youthful Johnny Joestar, a crippled former horse racer, has come to San Diego to watch the start of the race. There he encounters Gyro Zeppeli, a racer with two steel balls at his waist instead of a gun. Johnny witnesses Gyro using one of his steel balls to unleash a fantastical power, compelling a man to fire his gun at himself during a duel. In the midst of the action, Johnny happens to touch the steel ball and feels a power surging through his legs, allowing him to stand up for the first time in two years. Vowing to find the secret of the steel balls, Johnny decides to compete in the race, and so begins his bizarre adventure across America on the Steel Ball Run.\n\n[Written by MAL Rewrite]""]",Gợi ý dựa trên phim đã xem (similar recommendation),recommend,similar_to=Naruto (shounen/ninja/action),Gợi ý shounen action tương tự,dễ,False
22,"xem hết Frieren rồi mà vẫn thấy trống trải, có gì thay thế không","Base: Sousou no Frieren (Adventure, Award Winning, Drama, Fantasy). Valid same-genre picks from DB: Fullmetal Alchemist: Brotherhood, Re:Zero kara Hajimeru Isekai Seikatsu 4th Season, Steel Ball Run: JoJo no Kimyou na Bouken","[""Title: Sousou no Frieren\nJapanese title: 葬送のフリーレン\nYear: 2023 | Season: fall | Episodes: 28 | Status: Finished Airing | Source: Manga | Studios: Madhouse | Genres: Adventure, Award Winning, Drama, Fantasy | Score: 9.25/10\nSynopsis: During their decade-long quest to defeat the Demon King, the members of the hero's party—Himmel himself, the priest Heiter, the dwarf warrior Eisen, and the elven mage Frieren—forge bonds through adventures and battles, creating unforgettable precious memories for most of them.\n\nHowever, the time that Frieren spends with her comrades is equivalent to merely a fraction of her life, which has lasted over a thousand years. When the party disbands after their victory, Frieren casually returns to her \""usual\"" routine of collecting spells across the continent. Due to her different sense of time, she seemingly holds no strong feelings toward the experiences she went through.\n\nAs the years pass, Frieren gradually realizes how her days in the hero's party truly impacted her. Witnessing the deaths of two of her former companions, Frieren begins to regret having taken their presence for granted; she vows to better understand humans and create real personal connections. Although the story of that once memorable journey has long ended, a new tale is about to begin.\n\n[Written by MAL Rewrite]"", ""Title: Fullmetal Alchemist: Brotherhood\nJapanese title: 鋼の錬金術師 FULLMETAL ALCHEMIST\nYear: 2009 | Season: spring | Episodes: 64 | Status: Finished Airing | Source: Manga | Studios: Bones | Genres: Action, Adventure, Drama, Fantasy | Score: 9.11/10\nSynopsis: After a horrific alchemy experiment goes wrong in the Elric household, brothers Edward and Alphonse are left in a catastrophic new reality. Ignoring the alchemical principle banning human transmutation, the boys attempted to bring their recently deceased mother back to life. Instead, they suffered brutal personal loss: Alphonse's body disintegrated while Edward lost a leg and then sacrificed an arm to keep Alphonse's soul in the physical realm by binding it to a hulking suit of armor.\n\nThe brothers are rescued by their neighbor Pinako Rockbell and her granddaughter Winry. Known as a bio-mechanical engineering prodigy, Winry creates prosthetic limbs for Edward by utilizing \""automail,\"" a tough, versatile metal used in robots and combat armor. After years of training, the Elric brothers set off on a quest to restore their bodies by locating the Philosopher's Stone—a powerful gem that allows an alchemist to defy the traditional laws of Equivalent Exchange.\n\nAs Edward becomes an infamous alchemist and gains the nickname \""Fullmetal,\"" the boys' journey embroils them in a growing conspiracy that threatens the fate of the world.\n\n[Written by MAL Rewrite]"", ""Title: Re:Zero kara Hajimeru Isekai Seikatsu 4th Season\nJapanese title: Re:ゼロから始める異世界生活 4th season\nYear: 2026 | Season: spring | Episodes: 19 | Status: Currently Airing | Source: Light novel | Studios: White Fox | Genres: Drama, Fantasy, Suspense | Score: 9.11/10\nSynopsis: In the deadly battle at the Watergate City of Priestella, Subaru and his allies barely emerged victorious—but their triumph came at a great cost. Through the \""Authority of Gluttony,\"" Rem was put into suspended animation, while Crusch's memories and even Julius’s name were devoured. As he searches for a way to save them, Subaru learns of the \""Sage\"" Shaula—an all-seeing being said to possess every form of knowledge. His next destination is the Pleiades Watchtower, home to the Sage, the farthest tower standing in the vast, uncharted desert known as the Auguria Dunes—a place so perilous that even the mightiest \""Sword Saint,\"" Reinhard, failed to conquer it. The fury of nature, unknown magical beasts, and unimaginable dangers lie ahead. Together with his friends, Subaru embarks on a life-risking journey to reclaim what was lost.\n\n(Source: Kadokawa, edited)"", ""Title: Steel Ball Run: JoJo no Kimyou na Bouken\nJapanese title: スティール・ボール・ラン ジョジョの奇妙な冒険\nYear: 2026 | Season: winter | Status: Currently Airing | Source: Manga | Studios: David Production | Genres: Action, Adventure, Mystery, Supernatural | Score: 9.08/10\nSynopsis: In the American Old West, the world's greatest race is about to begin. Thousands line up in San Diego to travel over six thousand kilometers for a chance to win the grand prize of fifty million dollars. With the era of the horse reaching its end, contestants are allowed to use any kind of vehicle they wish. Competitors will have to endure grueling conditions, traveling up to a hundred kilometers a day through uncharted wastelands. The Steel Ball Run is truly a one-of-a-kind event.\n\nThe youthful Johnny Joestar, a crippled former horse racer, has come to San Diego to watch the start of the race. There he encounters Gyro Zeppeli, a racer with two steel balls at his waist instead of a gun. Johnny witnesses Gyro using one of his steel balls to unleash a fantastical power, compelling a man to fire his gun at himself during a duel. In the midst of the action, Johnny happens to touch the steel ball and feels a power surging through his legs, allowing him to stand up for the first time in two years. Vowing to find the secret of the steel balls, Johnny decides to compete in the race, and so begins his bizarre adventure across America on the Steel Ball Run.\n\n[Written by MAL Rewrite]""]",Gợi ý dựa trên phim đã xem (similar recommendation),recommend,"similar_to=Frieren (theme=hoài niệm, chậm rãi)",Gợi ý anime cùng tone chữa lành/chậm rãi,khó,False
23,AOT với Fullmetal Alchemist Brotherhood cái nào đỉnh hơn theo m,"Shingeki no Kyojin (2013, 25 eps, score 8.58) VS Fullmetal Alchemist: Brotherhood (2009, 64 eps, score 9.11)","[""Title: Shingeki no Kyojin\nJapanese title: 進撃の巨人\nYear: 2013 | Season: spring | Episodes: 25 | Status: Finished Airing | Source: Manga | Studios: Wit Studio | Genres: Action, Award Winning, Drama, Suspense | Score: 8.58/10\nSynopsis: Centuries ago, mankind was slaughtered to near extinction by monstrous humanoid creatures called Titans, forcing humans to hide in fear behind enormous concentric walls. What makes these giants truly terrifying is that their taste for human flesh is not born out of hunger but what appears to be out of pleasure. To ensure their survival, the remnants of humanity began living within defensive barriers, resulting in one hundred years without a single titan encounter. However, that fragile calm is soon shattered when a colossal Titan manages to breach the supposedly impregnable outer wall, reigniting the fight for survival against the man-eating abominations.\n\nAfter witnessing a horrific personal loss at the hands of the invading creatures, Eren Yeager dedicates his life to their eradication by enlisting into the Survey Corps, an elite military unit that combats the merciless humanoids outside the protection of the walls. Eren, his adopted sister Mikasa Ackerman, and his childhood friend Armin Arlert join the brutal war against the Titans and race to discover a way of defeating them before the last walls are breached.\n\n[Written by MAL Rewrite]"", ""Title: Fullmetal Alchemist: Brotherhood\nJapanese title: 鋼の錬金術師 FULLMETAL ALCHEMIST\nYear: 2009 | Season: spring | Episodes: 64 | Status: Finished Airing | Source: Manga | Studios: Bones | Genres: Action, Adventure, Drama, Fantasy | Score: 9.11/10\nSynopsis: After a horrific alchemy experiment goes wrong in the Elric household, brothers Edward and Alphonse are left in a catastrophic new reality. Ignoring the alchemical principle banning human transmutation, the boys attempted to bring their recently deceased mother back to life. Instead, they suffered brutal personal loss: Alphonse's body disintegrated while Edward lost a leg and then sacrificed an arm to keep Alphonse's soul in the physical realm by binding it to a hulking suit of armor.\n\nThe brothers are rescued by their neighbor Pinako Rockbell and her granddaughter Winry. Known as a bio-mechanical engineering prodigy, Winry creates prosthetic limbs for Edward by utilizing \""automail,\"" a tough, versatile metal used in robots and combat armor. After years of training, the Elric brothers set off on a quest to restore their bodies by locating the Philosopher's Stone—a powerful gem that allows an alchemist to defy the traditional laws of Equivalent Exchange.\n\nAs Edward becomes an infamous alchemist and gains the nickname \""Fullmetal,\"" the boys' journey embroils them in a growing conspiracy that threatens the fate of the world.\n\n[Written by MAL Rewrite]""]",So sánh giữa các anime,compare,"compare=[Attack on Titan, Fullmetal Alchemist: Brotherhood]","So sánh khách quan (điểm số, đặc điểm), tránh áp đặt ý kiến cá nhân tuyệt đối",trung bình,False
24,One Piece dài như vậy có đáng xem hơn Bleach không ta,"One Piece (1999, None eps, score 8.72) VS Bleach (2004, 366 eps, score 8)","[""Title: One Piece\nJapanese title: ONE PIECE\nYear: 1999 | Season: fall | Status: Currently Airing | Source: Manga | Studios: Toei Animation | Genres: Action, Adventure, Fantasy | Score: 8.72/10\nSynopsis: Barely surviving in a barrel after passing through a terrible whirlpool at sea, carefree Monkey D. Luffy ends up aboard a ship under attack by fearsome pirates. Despite being a naive-looking teenager, he is not to be underestimated. Unmatched in battle, Luffy is a pirate himself who resolutely pursues the coveted One Piece treasure and the King of the Pirates title that comes with it.\n\nThe late King of the Pirates, Gol D. Roger, stirred up the world before his death by disclosing the whereabouts of his hoard of riches and daring everyone to obtain it. Ever since then, countless powerful pirates have sailed dangerous seas for the prized One Piece only to never return. Although Luffy lacks a crew and a proper ship, he is endowed with a superhuman ability and an unbreakable spirit that make him not only a formidable adversary but also an inspiration to many.\n\nAs he faces numerous challenges with a big smile on his face, Luffy gathers one-of-a-kind companions to join him in his ambitious endeavor, together embracing perils and wonders on their once-in-a-lifetime adventure.\n\n[Written by MAL Rewrite]"", ""Title: Bleach\nJapanese title: BLEACH - ブリーチ -\nYear: 2004 | Season: fall | Episodes: 366 | Status: Finished Airing | Source: Manga | Studios: Studio Pierrot | Genres: Action, Adventure, Supernatural | Score: 8/10\nSynopsis: Ichigo Kurosaki is an ordinary high schooler—until his family is attacked by a Hollow, a corrupt spirit that seeks to devour human souls. It is then that he meets a Soul Reaper named Rukia Kuchiki, who gets injured while protecting Ichigo's family from the assailant. To save his family, Ichigo accepts Rukia's offer of taking her powers and becomes a Soul Reaper as a result.\n\nHowever, as Rukia is unable to regain her powers, Ichigo is given the daunting task of hunting down the Hollows that plague their town. However, he is not alone in his fight, as he is later joined by his friends—classmates Orihime Inoue, Yasutora Sado, and Uryuu Ishida—who each have their own unique abilities. As Ichigo and his comrades get used to their new duties and support each other on and off the battlefield, the young Soul Reaper soon learns that the Hollows are not the only real threat to the human world.\n\n[Written by MAL Rewrite]""]",So sánh giữa các anime,compare,"compare=[One Piece, Bleach]","So sánh độ dài, đánh giá, gợi ý dựa trên sở thích người hỏi",trung bình,False
25,"so sánh giúp t Jujutsu Kaisen với Demon Slayer đi, cái nào hợp cho người mới coi anime","Jujutsu Kaisen (2020, 24 eps, score 8.49) VS Kimetsu no Yaiba (2019, 26 eps, score 8.39)","[""Title: Jujutsu Kaisen\nJapanese title: 呪術廻戦\nYear: 2020 | Season: fall | Episodes: 24 | Status: Finished Airing | Source: Manga | Studios: MAPPA | Genres: Action, Award Winning, Supernatural | Score: 8.49/10\nSynopsis: Idly indulging in baseless paranormal activities with the Occult Club, high schooler Yuuji Itadori spends his days at either the clubroom or the hospital, where he visits his bedridden grandfather. However, this leisurely lifestyle soon takes a turn for the strange when he unknowingly encounters a cursed item. Triggering a chain of supernatural occurrences, Yuuji finds himself suddenly thrust into the world of Curses—dreadful beings formed from human malice and negativity—after swallowing the said item, revealed to be a finger belonging to the demon Sukuna Ryoumen, the King of Curses.\n\nYuuji experiences first-hand the threat these Curses pose to society as he discovers his own newfound powers. Introduced to the Tokyo Prefectural Jujutsu High School, he begins to walk down a path from which he cannot return—the path of a Jujutsu sorcerer.\n\n[Written by MAL Rewrite]"", ""Title: Kimetsu no Yaiba\nJapanese title: 鬼滅の刃\nYear: 2019 | Season: spring | Episodes: 26 | Status: Finished Airing | Source: Manga | Studios: ufotable | Genres: Action, Award Winning, Supernatural | Score: 8.39/10\nSynopsis: Ever since the death of his father, the burden of supporting the family has fallen upon Tanjirou Kamado's shoulders. Though living impoverished on a remote mountain, the Kamado family are able to enjoy a relatively peaceful and happy life. One day, Tanjirou decides to go down to the local village to make a little money selling charcoal. On his way back, night falls, forcing Tanjirou to take shelter in the house of a strange man, who warns him of the existence of flesh-eating demons that lurk in the woods at night.\n\nWhen he finally arrives back home the next day, he is met with a horrifying sight—his whole family has been slaughtered. Worse still, the sole survivor is his sister Nezuko, who has been turned into a bloodthirsty demon. Consumed by rage and hatred, Tanjirou swears to avenge his family and stay by his only remaining sibling. Alongside the mysterious group calling themselves the Demon Slayer Corps, Tanjirou will do whatever it takes to slay the demons and protect the remnants of his beloved sister's humanity.\n\n[Written by MAL Rewrite]""]",So sánh giữa các anime,compare,"compare=[Jujutsu Kaisen, Demon Slayer]; audience=người mới",So sánh có điều kiện 'người mới xem',khó,False
26,Chainsaw Man season 2 chưa ra à,Chainsaw Man: status Finished Airing,"[""Title: Chainsaw Man\nJapanese title: チェンソーマン\nYear: 2022 | Season: fall | Episodes: 12 | Status: Finished Airing | Source: Manga | Studios: MAPPA | Genres: Action, Fantasy | Score: 8.42/10\nSynopsis: Denji is robbed of a normal teenage life, left with nothing but his deadbeat father's overwhelming debt. His only companion is his pet, the chainsaw devil Pochita, with whom he slays devils for money that inevitably ends up in the yakuza's pockets. All Denji can do is dream of a good, simple life: one with delicious food and a beautiful girlfriend by his side. But an act of greedy betrayal by the yakuza leads to Denji's brutal, untimely death, crushing all hope of him ever achieving happiness.\n\nRemarkably, an old contract allows Pochita to merge with the deceased Denji and bestow devil powers on him, changing him into a hybrid able to transform his body parts into chainsaws. Because Denji's new abilities pose a significant risk to society, the Public Safety Bureau's elite devil hunter Makima takes him in, letting him live as long as he obeys her command. Guided by the promise of a content life alongside an attractive woman, Denji devotes everything and fights with all his might to make his naive dreams a reality.\n\n[Written by MAL Rewrite]""]",Hỏi thông tin chi tiết 1 bộ phim,qa_detail,title=Chainsaw Man; field=season_status,"Trả trạng thái phát sóng chính xác, không đoán",dễ,False
27,Frieren được mấy điểm vậy ta,Sousou no Frieren: score 9.25/10 (937848 votes),"[""Title: Sousou no Frieren\nJapanese title: 葬送のフリーレン\nYear: 2023 | Season: fall | Episodes: 28 | Status: Finished Airing | Source: Manga | Studios: Madhouse | Genres: Adventure, Award Winning, Drama, Fantasy | Score: 9.25/10\nSynopsis: During their decade-long quest to defeat the Demon King, the members of the hero's party—Himmel himself, the priest Heiter, the dwarf warrior Eisen, and the elven mage Frieren—forge bonds through adventures and battles, creating unforgettable precious memories for most of them.\n\nHowever, the time that Frieren spends with her comrades is equivalent to merely a fraction of her life, which has lasted over a thousand years. When the party disbands after their victory, Frieren casually returns to her \""usual\"" routine of collecting spells across the continent. Due to her different sense of time, she seemingly holds no strong feelings toward the experiences she went through.\n\nAs the years pass, Frieren gradually realizes how her days in the hero's party truly impacted her. Witnessing the deaths of two of her former companions, Frieren begins to regret having taken their presence for granted; she vows to better understand humans and create real personal connections. Although the story of that once memorable journey has long ended, a new tale is about to begin.\n\n[Written by MAL Rewrite]""]",Hỏi thông tin chi tiết 1 bộ phim,qa_detail,title=Frieren; field=score,"Trả điểm đánh giá (nếu có trong DB), nêu nguồn",dễ,False
28,ai là studio làm Jujutsu Kaisen vậy nhỉ,Jujutsu Kaisen: studio(s) MAPPA,"[""Title: Jujutsu Kaisen\nJapanese title: 呪術廻戦\nYear: 2020 | Season: fall | Episodes: 24 | Status: Finished Airing | Source: Manga | Studios: MAPPA | Genres: Action, Award Winning, Supernatural | Score: 8.49/10\nSynopsis: Idly indulging in baseless paranormal activities with the Occult Club, high schooler Yuuji Itadori spends his days at either the clubroom or the hospital, where he visits his bedridden grandfather. However, this leisurely lifestyle soon takes a turn for the strange when he unknowingly encounters a cursed item. Triggering a chain of supernatural occurrences, Yuuji finds himself suddenly thrust into the world of Curses—dreadful beings formed from human malice and negativity—after swallowing the said item, revealed to be a finger belonging to the demon Sukuna Ryoumen, the King of Curses.\n\nYuuji experiences first-hand the threat these Curses pose to society as he discovers his own newfound powers. Introduced to the Tokyo Prefectural Jujutsu High School, he begins to walk down a path from which he cannot return—the path of a Jujutsu sorcerer.\n\n[Written by MAL Rewrite]""]",Hỏi thông tin chi tiết 1 bộ phim,qa_detail,title=Jujutsu Kaisen; field=studio,Trả tên studio (MAPPA),dễ,False
29,bộ Vinland Saga năm bao nhiêu ra vậy,Vinland Saga: year 2019 (summer),"[""Title: Vinland Saga\nJapanese title: ヴィンランド・サガ\nYear: 2019 | Season: summer | Episodes: 24 | Status: Finished Airing | Source: Manga | Studios: Wit Studio | Genres: Action, Adventure, Drama | Score: 8.78/10\nSynopsis: Young Thorfinn grew up listening to the stories of old sailors that had traveled the ocean and reached the place of legend, Vinland. It's said to be warm and fertile, a place where there would be no need for fighting—not at all like the frozen village in Iceland where he was born, and certainly not like his current life as a mercenary. War is his home now. Though his father once told him, \""You have no enemies, nobody does. There is nobody who it's okay to hurt,\"" as he grew, Thorfinn knew that nothing was further from the truth.\n\nThe war between England and the Danes grows worse with each passing year. Death has become commonplace, and the viking mercenaries are loving every moment of it. Allying with either side will cause a massive swing in the balance of power, and the vikings are happy to make names for themselves and take any spoils they earn along the way. Among the chaos, Thorfinn must take his revenge and kill Askeladd, the man who murdered his father. The only paradise for the vikings, it seems, is the era of war and death that rages on.\n\n[Written by MAL Rewrite]""]",Hỏi thông tin chi tiết 1 bộ phim,qa_detail,title=Vinland Saga; field=year,Trả năm phát sóng,dễ,False
30,phim đó có bao nhiêu tập tất cả z,,[],Hỏi thông tin chi tiết 1 bộ phim,qa_detail,title=(ngữ cảnh trước đó); field=episodes,"Cần lấy title từ ngữ cảnh hội thoại trước, không phải câu độc lập",khó,True
